id,nombre,ciudad,plan
1,Cliente1,Bogota,oro
2,Cliente2,Bogota,oro
3,Cliente3,Bogota,oro
4,Cliente4,Bogota,oro
5,Cliente5,Bogota,oro
6,Cliente6,Bogota,oro
7,Cliente7,Bogota,oro
8,Cliente8,Bogota,oro
9,Cliente9,Bogota,oro
10,Cliente10,Bogota,oro
11,Cliente11,Bogota,oro
12,Cliente12,Bogota,oro
13,Cliente13,Bogota,oro
14,Cliente14,Bogota,oro
15,Cliente15,Bogota,oro
16,Cliente16,Bogota,oro
17,Cliente17,Bogota,oro
18,Cliente18,Bogota,oro
19,Cliente19,Bogota,oro
20,Cliente20,Bogota,oro
21,Cliente21,Bogota,oro
22,Cliente22,Bogota,oro
23,Cliente23,Bogota,oro
24,Cliente24,Bogota,oro
25,Cliente25,Bogota,oro
26,Cliente26,Bogota,oro
27,Cliente27,Bogota,oro
28,Cliente28,Bogota,oro
29,Cliente29,Bogota,oro
30,Cliente30,Bogota,oro
31,Cliente31,Bogota,oro
32,Cliente32,Bogota,oro
33,Cliente33,Bogota,oro
34,Cliente34,Bogota,oro
35,Cliente35,Bogota,oro
36,Cliente36,Bogota,oro
37,Cliente37,Bogota,oro
38,Cliente38,Bogota,oro
39,Cliente39,Bogota,oro
40,Cliente40,Bogota,oro
41,Cliente41,Bogota,oro
42,Cliente42,Bogota,oro
43,Cliente43,Bogota,oro
44,Cliente44,Bogota,oro
45,Cliente45,Bogota,oro
46,Cliente46,Bogota,oro
47,Cliente47,Bogota,oro
48,Cliente48,Bogota,oro
49,Cliente49,Bogota,oro
50,Cliente50,Bogota,oro
51,Cliente51,Bogota,oro
52,Cliente52,Bogota,oro
53,Cliente53,Bogota,oro
54,Cliente54,Bogota,oro
55,Cliente55,Bogota,oro
56,Cliente56,Bogota,oro
57,Cliente57,Bogota,oro
58,Cliente58,Bogota,oro
59,Cliente59,Bogota,oro
60,Cliente60,Bogota,oro
61,Cliente61,Bogota,oro
62,Cliente62,Bogota,oro
63,Cliente63,Bogota,oro
64,Cliente64,Bogota,oro
65,Cliente65,Bogota,oro
66,Cliente66,Bogota,oro
67,Cliente67,Bogota,oro
68,Cliente68,Bogota,oro
69,Cliente69,Bogota,oro
70,Cliente70,Bogota,oro
71,Cliente71,Bogota,oro
72,Cliente72,Bogota,oro
73,Cliente73,Bogota,oro
74,Cliente74,Bogota,oro
75,Cliente75,Bogota,oro
76,Cliente76,Bogota,oro
77,Cliente77,Bogota,oro
78,Cliente78,Bogota,oro
79,Cliente79,Bogota,oro
80,Cliente80,Bogota,oro
81,Cliente81,Bogota,oro
82,Cliente82,Bogota,oro
83,Cliente83,Bogota,oro
84,Cliente84,Bogota,oro
85,Cliente85,Bogota,oro
86,Cliente86,Bogota,oro
87,Cliente87,Bogota,oro
88,Cliente88,Bogota,oro
89,Cliente89,Bogota,oro
90,Cliente90,Bogota,oro
91,Cliente91,Bogota,oro
92,Cliente92,Bogota,oro
93,Cliente93,Bogota,oro
94,Cliente94,Bogota,oro
95,Cliente95,Bogota,oro
96,Cliente96,Bogota,oro
97,Cliente97,Bogota,oro
98,Cliente98,Bogota,oro
99,Cliente99,Bogota,oro
100,Cliente100,Bogota,oro
101,Cliente101,Bogota,oro
102,Cliente102,Bogota,oro
103,Cliente103,Bogota,oro
104,Cliente104,Bogota,oro
105,Cliente105,Bogota,oro
106,Cliente106,Bogota,oro
107,Cliente107,Bogota,oro
108,Cliente108,Bogota,oro
109,Cliente109,Bogota,oro
110,Cliente110,Bogota,oro
111,Cliente111,Bogota,oro
112,Cliente112,Bogota,oro
113,Cliente113,Bogota,oro
114,Cliente114,Bogota,oro
115,Cliente115,Bogota,oro
116,Cliente116,Bogota,oro
117,Cliente117,Bogota,oro
118,Cliente118,Bogota,oro
119,Cliente119,Bogota,oro
120,Cliente120,Bogota,oro
121,Cliente121,Bogota,oro
122,Cliente122,Bogota,oro
123,Cliente123,Bogota,oro
124,Cliente124,Bogota,oro
125,Cliente125,Bogota,oro
126,Cliente126,Bogota,oro
127,Cliente127,Bogota,oro
128,Cliente128,Bogota,oro
129,Cliente129,Bogota,oro
130,Cliente130,Bogota,oro
131,Cliente131,Bogota,oro
132,Cliente132,Bogota,oro
133,Cliente133,Bogota,oro
134,Cliente134,Bogota,oro
135,Cliente135,Bogota,oro
136,Cliente136,Bogota,oro
137,Cliente137,Bogota,oro
138,Cliente138,Bogota,oro
139,Cliente139,Bogota,oro
140,Cliente140,Bogota,oro
141,Cliente141,Bogota,oro
142,Cliente142,Bogota,oro
143,Cliente143,Bogota,oro
144,Cliente144,Bogota,oro
145,Cliente145,Bogota,oro
146,Cliente146,Bogota,oro
147,Cliente147,Bogota,oro
148,Cliente148,Bogota,oro
149,Cliente149,Bogota,oro
150,Cliente150,Bogota,oro
151,Cliente151,Bogota,oro
152,Cliente152,Bogota,oro
153,Cliente153,Bogota,oro
154,Cliente154,Bogota,oro
155,Cliente155,Bogota,oro
156,Cliente156,Bogota,oro
157,Cliente157,Bogota,oro
158,Cliente158,Bogota,oro
159,Cliente159,Bogota,oro
160,Cliente160,Bogota,oro
161,Cliente161,Bogota,oro
162,Cliente162,Bogota,oro
163,Cliente163,Bogota,oro
164,Cliente164,Bogota,oro
165,Cliente165,Bogota,oro
166,Cliente166,Bogota,oro
167,Cliente167,Bogota,oro
168,Cliente168,Bogota,oro
169,Cliente169,Bogota,oro
170,Cliente170,Bogota,oro
171,Cliente171,Bogota,oro
172,Cliente172,Bogota,oro
173,Cliente173,Bogota,oro
174,Cliente174,Bogota,oro
175,Cliente175,Bogota,oro
176,Cliente176,Bogota,oro
177,Cliente177,Bogota,oro
178,Cliente178,Bogota,oro
179,Cliente179,Bogota,oro
180,Cliente180,Bogota,oro
181,Cliente181,Bogota,oro
182,Cliente182,Bogota,oro
183,Cliente183,Bogota,oro
184,Cliente184,Bogota,oro
185,Cliente185,Bogota,oro
186,Cliente186,Bogota,oro
187,Cliente187,Bogota,oro
188,Cliente188,Bogota,oro
189,Cliente189,Bogota,oro
190,Cliente190,Bogota,oro
191,Cliente191,Bogota,oro
192,Cliente192,Bogota,oro
193,Cliente193,Bogota,oro
194,Cliente194,Bogota,oro
195,Cliente195,Bogota,oro
196,Cliente196,Bogota,oro
197,Cliente197,Bogota,oro
198,Cliente198,Bogota,oro
199,Cliente199,Bogota,oro
200,Cliente200,Bogota,oro
201,Cliente201,Bogota,oro
202,Cliente202,Bogota,oro
203,Cliente203,Bogota,oro
204,Cliente204,Bogota,oro
205,Cliente205,Bogota,oro
206,Cliente206,Bogota,oro
207,Cliente207,Bogota,oro
208,Cliente208,Bogota,oro
209,Cliente209,Bogota,oro
210,Cliente210,Bogota,oro
211,Cliente211,Bogota,oro
212,Cliente212,Bogota,oro
213,Cliente213,Bogota,oro
214,Cliente214,Bogota,oro
215,Cliente215,Bogota,oro
216,Cliente216,Bogota,oro
217,Cliente217,Bogota,oro
218,Cliente218,Bogota,oro
219,Cliente219,Bogota,oro
220,Cliente220,Bogota,oro
221,Cliente221,Bogota,oro
222,Cliente222,Bogota,oro
223,Cliente223,Bogota,oro
224,Cliente224,Bogota,oro
225,Cliente225,Bogota,oro
226,Cliente226,Bogota,oro
227,Cliente227,Bogota,oro
228,Cliente228,Bogota,oro
229,Cliente229,Bogota,oro
230,Cliente230,Bogota,oro
231,Cliente231,Bogota,oro
232,Cliente232,Bogota,oro
233,Cliente233,Bogota,oro
234,Cliente234,Bogota,oro
235,Cliente235,Bogota,oro
236,Cliente236,Bogota,oro
237,Cliente237,Bogota,oro
238,Cliente238,Bogota,oro
239,Cliente239,Bogota,oro
240,Cliente240,Bogota,oro
241,Cliente241,Bogota,oro
242,Cliente242,Bogota,oro
243,Cliente243,Bogota,oro
244,Cliente244,Bogota,oro
245,Cliente245,Bogota,oro
246,Cliente246,Bogota,oro
247,Cliente247,Bogota,oro
248,Cliente248,Bogota,oro
249,Cliente249,Bogota,oro
250,Cliente250,Bogota,oro
251,Cliente251,Bogota,oro
252,Cliente252,Bogota,oro
253,Cliente253,Bogota,oro
254,Cliente254,Bogota,oro
255,Cliente255,Bogota,oro
256,Cliente256,Bogota,oro
257,Cliente257,Bogota,oro
258,Cliente258,Bogota,oro
259,Cliente259,Bogota,oro
260,Cliente260,Bogota,oro
261,Cliente261,Bogota,oro
262,Cliente262,Bogota,oro
263,Cliente263,Bogota,oro
264,Cliente264,Bogota,oro
265,Cliente265,Bogota,oro
266,Cliente266,Bogota,oro
267,Cliente267,Bogota,oro
268,Cliente268,Bogota,oro
269,Cliente269,Bogota,oro
270,Cliente270,Bogota,oro
271,Cliente271,Bogota,oro
272,Cliente272,Bogota,oro
273,Cliente273,Bogota,oro
274,Cliente274,Bogota,oro
275,Cliente275,Bogota,oro
276,Cliente276,Bogota,oro
277,Cliente277,Bogota,oro
278,Cliente278,Bogota,oro
279,Cliente279,Bogota,oro
280,Cliente280,Bogota,oro
281,Cliente281,Bogota,oro
282,Cliente282,Bogota,oro
283,Cliente283,Bogota,oro
284,Cliente284,Bogota,oro
285,Cliente285,Bogota,oro
286,Cliente286,Bogota,oro
287,Cliente287,Bogota,oro
288,Cliente288,Bogota,oro
289,Cliente289,Bogota,oro
290,Cliente290,Bogota,oro
291,Cliente291,Bogota,oro
292,Cliente292,Bogota,oro
293,Cliente293,Bogota,oro
294,Cliente294,Bogota,oro
295,Cliente295,Bogota,oro
296,Cliente296,Bogota,oro
297,Cliente297,Bogota,oro
298,Cliente298,Bogota,oro
299,Cliente299,Bogota,oro
300,Cliente300,Bogota,oro
301,Cliente301,Bogota,oro
302,Cliente302,Bogota,oro
303,Cliente303,Bogota,oro
304,Cliente304,Bogota,oro
305,Cliente305,Bogota,oro
306,Cliente306,Bogota,oro
307,Cliente307,Bogota,oro
308,Cliente308,Bogota,oro
309,Cliente309,Bogota,oro
310,Cliente310,Bogota,oro
311,Cliente311,Bogota,oro
312,Cliente312,Bogota,oro
313,Cliente313,Bogota,oro
314,Cliente314,Bogota,oro
315,Cliente315,Bogota,oro
316,Cliente316,Bogota,oro
317,Cliente317,Bogota,oro
318,Cliente318,Bogota,oro
319,Cliente319,Bogota,oro
320,Cliente320,Bogota,oro
321,Cliente321,Bogota,oro
322,Cliente322,Bogota,oro
323,Cliente323,Bogota,oro
324,Cliente324,Bogota,oro
325,Cliente325,Bogota,oro
326,Cliente326,Bogota,oro
327,Cliente327,Bogota,oro
328,Cliente328,Bogota,oro
329,Cliente329,Bogota,oro
330,Cliente330,Bogota,oro
331,Cliente331,Bogota,oro
332,Cliente332,Bogota,oro
333,Cliente333,Bogota,oro
334,Cliente334,Bogota,oro
335,Cliente335,Bogota,oro
336,Cliente336,Bogota,oro
337,Cliente337,Bogota,oro
338,Cliente338,Bogota,oro
339,Cliente339,Bogota,oro
340,Cliente340,Bogota,oro
341,Cliente341,Bogota,oro
342,Cliente342,Bogota,oro
343,Cliente343,Bogota,oro
344,Cliente344,Bogota,oro
345,Cliente345,Bogota,oro
346,Cliente346,Bogota,oro
347,Cliente347,Bogota,oro
348,Cliente348,Bogota,oro
349,Cliente349,Bogota,oro
350,Cliente350,Bogota,oro
351,Cliente351,Bogota,oro
352,Cliente352,Bogota,oro
353,Cliente353,Bogota,oro
354,Cliente354,Bogota,oro
355,Cliente355,Bogota,oro
356,Cliente356,Bogota,oro
357,Cliente357,Bogota,oro
358,Cliente358,Bogota,oro
359,Cliente359,Bogota,oro
360,Cliente360,Bogota,oro
361,Cliente361,Bogota,oro
362,Cliente362,Bogota,oro
363,Cliente363,Bogota,oro
364,Cliente364,Bogota,oro
365,Cliente365,Bogota,oro
366,Cliente366,Bogota,oro
367,Cliente367,Bogota,oro
368,Cliente368,Bogota,oro
369,Cliente369,Bogota,oro
370,Cliente370,Bogota,oro
371,Cliente371,Bogota,oro
372,Cliente372,Bogota,oro
373,Cliente373,Bogota,oro
374,Cliente374,Bogota,oro
375,Cliente375,Bogota,oro
376,Cliente376,Bogota,oro
377,Cliente377,Bogota,oro
378,Cliente378,Bogota,oro
379,Cliente379,Bogota,oro
380,Cliente380,Bogota,oro
381,Cliente381,Bogota,oro
382,Cliente382,Bogota,oro
383,Cliente383,Bogota,oro
384,Cliente384,Bogota,oro
385,Cliente385,Bogota,oro
386,Cliente386,Bogota,oro
387,Cliente387,Bogota,oro
388,Cliente388,Bogota,oro
389,Cliente389,Bogota,oro
390,Cliente390,Bogota,oro
391,Cliente391,Bogota,oro
392,Cliente392,Bogota,oro
393,Cliente393,Bogota,oro
394,Cliente394,Bogota,oro
395,Cliente395,Bogota,oro
396,Cliente396,Bogota,oro
397,Cliente397,Bogota,oro
398,Cliente398,Bogota,oro
399,Cliente399,Bogota,oro
400,Cliente400,Bogota,oro
401,Cliente401,Bogota,oro
402,Cliente402,Bogota,oro
403,Cliente403,Bogota,oro
404,Cliente404,Bogota,oro
405,Cliente405,Bogota,oro
406,Cliente406,Bogota,oro
407,Cliente407,Bogota,oro
408,Cliente408,Bogota,oro
409,Cliente409,Bogota,oro
410,Cliente410,Bogota,oro
411,Cliente411,Bogota,oro
412,Cliente412,Bogota,oro
413,Cliente413,Bogota,oro
414,Cliente414,Bogota,oro
415,Cliente415,Bogota,oro
416,Cliente416,Bogota,oro
417,Cliente417,Bogota,oro
418,Cliente418,Bogota,oro
419,Cliente419,Bogota,oro
420,Cliente420,Bogota,oro
421,Cliente421,Bogota,oro
422,Cliente422,Bogota,oro
423,Cliente423,Bogota,oro
424,Cliente424,Bogota,oro
425,Cliente425,Bogota,oro
426,Cliente426,Bogota,oro
427,Cliente427,Bogota,oro
428,Cliente428,Bogota,oro
429,Cliente429,Bogota,oro
430,Cliente430,Bogota,oro
431,Cliente431,Bogota,oro
432,Cliente432,Bogota,oro
433,Cliente433,Bogota,oro
434,Cliente434,Bogota,oro
435,Cliente435,Bogota,oro
436,Cliente436,Bogota,oro
437,Cliente437,Bogota,oro
438,Cliente438,Bogota,oro
439,Cliente439,Bogota,oro
440,Cliente440,Bogota,oro
441,Cliente441,Bogota,oro
442,Cliente442,Bogota,oro
443,Cliente443,Bogota,oro
444,Cliente444,Bogota,oro
445,Cliente445,Bogota,oro
446,Cliente446,Bogota,oro
447,Cliente447,Bogota,oro
448,Cliente448,Bogota,oro
449,Cliente449,Bogota,oro
450,Cliente450,Bogota,oro
451,Cliente451,Bogota,oro
452,Cliente452,Bogota,oro
453,Cliente453,Bogota,oro
454,Cliente454,Bogota,oro
455,Cliente455,Bogota,oro
456,Cliente456,Bogota,oro
457,Cliente457,Bogota,oro
458,Cliente458,Bogota,oro
459,Cliente459,Bogota,oro
460,Cliente460,Bogota,oro
461,Cliente461,Bogota,oro
462,Cliente462,Bogota,oro
463,Cliente463,Bogota,oro
464,Cliente464,Bogota,oro
465,Cliente465,Bogota,oro
466,Cliente466,Bogota,oro
467,Cliente467,Bogota,oro
468,Cliente468,Bogota,oro
469,Cliente469,Bogota,oro
470,Cliente470,Bogota,oro
471,Cliente471,Bogota,oro
472,Cliente472,Bogota,oro
473,Cliente473,Bogota,oro
474,Cliente474,Bogota,oro
475,Cliente475,Bogota,oro
476,Cliente476,Bogota,oro
477,Cliente477,Bogota,oro
478,Cliente478,Bogota,oro
479,Cliente479,Bogota,oro
480,Cliente480,Bogota,oro
481,Cliente481,Bogota,oro
482,Cliente482,Bogota,oro
483,Cliente483,Bogota,oro
484,Cliente484,Bogota,oro
485,Cliente485,Bogota,oro
486,Cliente486,Bogota,oro
487,Cliente487,Bogota,oro
488,Cliente488,Bogota,oro
489,Cliente489,Bogota,oro
490,Cliente490,Bogota,oro
491,Cliente491,Bogota,oro
492,Cliente492,Bogota,oro
493,Cliente493,Bogota,oro
494,Cliente494,Bogota,oro
495,Cliente495,Bogota,oro
496,Cliente496,Bogota,oro
497,Cliente497,Bogota,oro
498,Cliente498,Bogota,oro
499,Cliente499,Bogota,oro
500,Cliente500,Bogota,oro
501,Cliente501,Bogota,oro
502,Cliente502,Bogota,oro
503,Cliente503,Bogota,oro
504,Cliente504,Bogota,oro
505,Cliente505,Bogota,oro
506,Cliente506,Bogota,oro
507,Cliente507,Bogota,oro
508,Cliente508,Bogota,oro
509,Cliente509,Bogota,oro
510,Cliente510,Bogota,oro
511,Cliente511,Bogota,oro
512,Cliente512,Bogota,oro
513,Cliente513,Bogota,oro
514,Cliente514,Bogota,oro
515,Cliente515,Bogota,oro
516,Cliente516,Bogota,oro
517,Cliente517,Bogota,oro
518,Cliente518,Bogota,oro
519,Cliente519,Bogota,oro
520,Cliente520,Bogota,oro
521,Cliente521,Bogota,oro
522,Cliente522,Bogota,oro
523,Cliente523,Bogota,oro
524,Cliente524,Bogota,oro
525,Cliente525,Bogota,oro
526,Cliente526,Bogota,oro
527,Cliente527,Bogota,oro
528,Cliente528,Bogota,oro
529,Cliente529,Bogota,oro
530,Cliente530,Bogota,oro
531,Cliente531,Bogota,oro
532,Cliente532,Bogota,oro
533,Cliente533,Bogota,oro
534,Cliente534,Bogota,oro
535,Cliente535,Bogota,oro
536,Cliente536,Bogota,oro
537,Cliente537,Bogota,oro
538,Cliente538,Bogota,oro
539,Cliente539,Bogota,oro
540,Cliente540,Bogota,oro
541,Cliente541,Bogota,oro
542,Cliente542,Bogota,oro
543,Cliente543,Bogota,oro
544,Cliente544,Bogota,oro
545,Cliente545,Bogota,oro
546,Cliente546,Bogota,oro
547,Cliente547,Bogota,oro
548,Cliente548,Bogota,oro
549,Cliente549,Bogota,oro
550,Cliente550,Bogota,oro
551,Cliente551,Bogota,oro
552,Cliente552,Bogota,oro
553,Cliente553,Bogota,oro
554,Cliente554,Bogota,oro
555,Cliente555,Bogota,oro
556,Cliente556,Bogota,oro
557,Cliente557,Bogota,oro
558,Cliente558,Bogota,oro
559,Cliente559,Bogota,oro
560,Cliente560,Bogota,oro
561,Cliente561,Bogota,oro
562,Cliente562,Bogota,oro
563,Cliente563,Bogota,oro
564,Cliente564,Bogota,oro
565,Cliente565,Bogota,oro
566,Cliente566,Bogota,oro
567,Cliente567,Bogota,oro
568,Cliente568,Bogota,oro
569,Cliente569,Bogota,oro
570,Cliente570,Bogota,oro
571,Cliente571,Bogota,oro
572,Cliente572,Bogota,oro
573,Cliente573,Bogota,oro
574,Cliente574,Bogota,oro
575,Cliente575,Bogota,oro
576,Cliente576,Bogota,oro
577,Cliente577,Bogota,oro
578,Cliente578,Bogota,oro
579,Cliente579,Bogota,oro
580,Cliente580,Bogota,oro
581,Cliente581,Bogota,oro
582,Cliente582,Bogota,oro
583,Cliente583,Bogota,oro
584,Cliente584,Bogota,oro
585,Cliente585,Bogota,oro
586,Cliente586,Bogota,oro
587,Cliente587,Bogota,oro
588,Cliente588,Bogota,oro
589,Cliente589,Bogota,oro
590,Cliente590,Bogota,oro
591,Cliente591,Bogota,oro
592,Cliente592,Bogota,oro
593,Cliente593,Bogota,oro
594,Cliente594,Bogota,oro
595,Cliente595,Bogota,oro
596,Cliente596,Bogota,oro
597,Cliente597,Bogota,oro
598,Cliente598,Bogota,oro
599,Cliente599,Bogota,oro
600,Cliente600,Bogota,oro
601,Cliente601,Bogota,oro
602,Cliente602,Bogota,oro
603,Cliente603,Bogota,oro
604,Cliente604,Bogota,oro
605,Cliente605,Bogota,oro
606,Cliente606,Bogota,oro
607,Cliente607,Bogota,oro
608,Cliente608,Bogota,oro
609,Cliente609,Bogota,oro
610,Cliente610,Bogota,oro
611,Cliente611,Bogota,oro
612,Cliente612,Bogota,oro
613,Cliente613,Bogota,oro
614,Cliente614,Bogota,oro
615,Cliente615,Bogota,oro
616,Cliente616,Bogota,oro
617,Cliente617,Bogota,oro
618,Cliente618,Bogota,oro
619,Cliente619,Bogota,oro
620,Cliente620,Bogota,oro
621,Cliente621,Bogota,oro
622,Cliente622,Bogota,oro
623,Cliente623,Bogota,oro
624,Cliente624,Bogota,oro
625,Cliente625,Bogota,oro
626,Cliente626,Bogota,oro
627,Cliente627,Bogota,oro
628,Cliente628,Bogota,oro
629,Cliente629,Bogota,oro
630,Cliente630,Bogota,oro
631,Cliente631,Bogota,oro
632,Cliente632,Bogota,oro
633,Cliente633,Bogota,oro
634,Cliente634,Bogota,oro
635,Cliente635,Bogota,oro
636,Cliente636,Bogota,oro
637,Cliente637,Bogota,oro
638,Cliente638,Bogota,oro
639,Cliente639,Bogota,oro
640,Cliente640,Bogota,oro
641,Cliente641,Bogota,oro
642,Cliente642,Bogota,oro
643,Cliente643,Bogota,oro
644,Cliente644,Bogota,oro
645,Cliente645,Bogota,oro
646,Cliente646,Bogota,oro
647,Cliente647,Bogota,oro
648,Cliente648,Bogota,oro
649,Cliente649,Bogota,oro
650,Cliente650,Bogota,oro
651,Cliente651,Bogota,oro
652,Cliente652,Bogota,oro
653,Cliente653,Bogota,oro
654,Cliente654,Bogota,oro
655,Cliente655,Bogota,oro
656,Cliente656,Bogota,oro
657,Cliente657,Bogota,oro
658,Cliente658,Bogota,oro
659,Cliente659,Bogota,oro
660,Cliente660,Bogota,oro
661,Cliente661,Bogota,oro
662,Cliente662,Bogota,oro
663,Cliente663,Bogota,oro
664,Cliente664,Bogota,oro
665,Cliente665,Bogota,oro
666,Cliente666,Bogota,oro
667,Cliente667,Bogota,oro
668,Cliente668,Bogota,oro
669,Cliente669,Bogota,oro
670,Cliente670,Bogota,oro
671,Cliente671,Bogota,oro
672,Cliente672,Bogota,oro
673,Cliente673,Bogota,oro
674,Cliente674,Bogota,oro
675,Cliente675,Bogota,oro
676,Cliente676,Bogota,oro
677,Cliente677,Bogota,oro
678,Cliente678,Bogota,oro
679,Cliente679,Bogota,oro
680,Cliente680,Bogota,oro
681,Cliente681,Bogota,oro
682,Cliente682,Bogota,oro
683,Cliente683,Bogota,oro
684,Cliente684,Bogota,oro
685,Cliente685,Bogota,oro
686,Cliente686,Bogota,oro
687,Cliente687,Bogota,oro
688,Cliente688,Bogota,oro
689,Cliente689,Bogota,oro
690,Cliente690,Bogota,oro
691,Cliente691,Bogota,oro
692,Cliente692,Bogota,oro
693,Cliente693,Bogota,oro
694,Cliente694,Bogota,oro
695,Cliente695,Bogota,oro
696,Cliente696,Bogota,oro
697,Cliente697,Bogota,oro
698,Cliente698,Bogota,oro
699,Cliente699,Bogota,oro
700,Cliente700,Bogota,oro
701,Cliente701,Bogota,oro
702,Cliente702,Bogota,oro
703,Cliente703,Bogota,oro
704,Cliente704,Bogota,oro
705,Cliente705,Bogota,oro
706,Cliente706,Bogota,oro
707,Cliente707,Bogota,oro
708,Cliente708,Bogota,oro
709,Cliente709,Bogota,oro
710,Cliente710,Bogota,oro
711,Cliente711,Bogota,oro
712,Cliente712,Bogota,oro
713,Cliente713,Bogota,oro
714,Cliente714,Bogota,oro
715,Cliente715,Bogota,oro
716,Cliente716,Bogota,oro
717,Cliente717,Bogota,oro
718,Cliente718,Bogota,oro
719,Cliente719,Bogota,oro
720,Cliente720,Bogota,oro
721,Cliente721,Bogota,oro
722,Cliente722,Bogota,oro
723,Cliente723,Bogota,oro
724,Cliente724,Bogota,oro
725,Cliente725,Bogota,oro
726,Cliente726,Bogota,oro
727,Cliente727,Bogota,oro
728,Cliente728,Bogota,oro
729,Cliente729,Bogota,oro
730,Cliente730,Bogota,oro
731,Cliente731,Bogota,oro
732,Cliente732,Bogota,oro
733,Cliente733,Bogota,oro
734,Cliente734,Bogota,oro
735,Cliente735,Bogota,oro
736,Cliente736,Bogota,oro
737,Cliente737,Bogota,oro
738,Cliente738,Bogota,oro
739,Cliente739,Bogota,oro
740,Cliente740,Bogota,oro
741,Cliente741,Bogota,oro
742,Cliente742,Bogota,oro
743,Cliente743,Bogota,oro
744,Cliente744,Bogota,oro
745,Cliente745,Bogota,oro
746,Cliente746,Bogota,oro
747,Cliente747,Bogota,oro
748,Cliente748,Bogota,oro
749,Cliente749,Bogota,oro
750,Cliente750,Bogota,oro
751,Cliente751,Bogota,oro
752,Cliente752,Bogota,oro
753,Cliente753,Bogota,oro
754,Cliente754,Bogota,oro
755,Cliente755,Bogota,oro
756,Cliente756,Bogota,oro
757,Cliente757,Bogota,oro
758,Cliente758,Bogota,oro
759,Cliente759,Bogota,oro
760,Cliente760,Bogota,oro
761,Cliente761,Bogota,oro
762,Cliente762,Bogota,oro
763,Cliente763,Bogota,oro
764,Cliente764,Bogota,oro
765,Cliente765,Bogota,oro
766,Cliente766,Bogota,oro
767,Cliente767,Bogota,oro
768,Cliente768,Bogota,oro
769,Cliente769,Bogota,oro
770,Cliente770,Bogota,oro
771,Cliente771,Bogota,oro
772,Cliente772,Bogota,oro
773,Cliente773,Bogota,oro
774,Cliente774,Bogota,oro
775,Cliente775,Bogota,oro
776,Cliente776,Bogota,oro
777,Cliente777,Bogota,oro
778,Cliente778,Bogota,oro
779,Cliente779,Bogota,oro
780,Cliente780,Bogota,oro
781,Cliente781,Bogota,oro
782,Cliente782,Bogota,oro
783,Cliente783,Bogota,oro
784,Cliente784,Bogota,oro
785,Cliente785,Bogota,oro
786,Cliente786,Bogota,oro
787,Cliente787,Bogota,oro
788,Cliente788,Bogota,oro
789,Cliente789,Bogota,oro
790,Cliente790,Bogota,oro
791,Cliente791,Bogota,oro
792,Cliente792,Bogota,oro
793,Cliente793,Bogota,oro
794,Cliente794,Bogota,oro
795,Cliente795,Bogota,oro
796,Cliente796,Bogota,oro
797,Cliente797,Bogota,oro
798,Cliente798,Bogota,oro
799,Cliente799,Bogota,oro
800,Cliente800,Bogota,oro
801,Cliente801,Bogota,oro
802,Cliente802,Bogota,oro
803,Cliente803,Bogota,oro
804,Cliente804,Bogota,oro
805,Cliente805,Bogota,oro
806,Cliente806,Bogota,oro
807,Cliente807,Bogota,oro
808,Cliente808,Bogota,oro
809,Cliente809,Bogota,oro
810,Cliente810,Bogota,oro
811,Cliente811,Bogota,oro
812,Cliente812,Bogota,oro
813,Cliente813,Bogota,oro
814,Cliente814,Bogota,oro
815,Cliente815,Bogota,oro
816,Cliente816,Bogota,oro
817,Cliente817,Bogota,oro
818,Cliente818,Bogota,oro
819,Cliente819,Bogota,oro
820,Cliente820,Bogota,oro
821,Cliente821,Bogota,oro
822,Cliente822,Bogota,oro
823,Cliente823,Bogota,oro
824,Cliente824,Bogota,oro
825,Cliente825,Bogota,oro
826,Cliente826,Bogota,oro
827,Cliente827,Bogota,oro
828,Cliente828,Bogota,oro
829,Cliente829,Bogota,oro
830,Cliente830,Bogota,oro
831,Cliente831,Bogota,oro
832,Cliente832,Bogota,oro
833,Cliente833,Bogota,oro
834,Cliente834,Bogota,oro
835,Cliente835,Bogota,oro
836,Cliente836,Bogota,oro
837,Cliente837,Bogota,oro
838,Cliente838,Bogota,oro
839,Cliente839,Bogota,oro
840,Cliente840,Bogota,oro
841,Cliente841,Bogota,oro
842,Cliente842,Bogota,oro
843,Cliente843,Bogota,oro
844,Cliente844,Bogota,oro
845,Cliente845,Bogota,oro
846,Cliente846,Bogota,oro
847,Cliente847,Bogota,oro
848,Cliente848,Bogota,oro
849,Cliente849,Bogota,oro
850,Cliente850,Bogota,oro
851,Cliente851,Bogota,oro
852,Cliente852,Bogota,oro
853,Cliente853,Bogota,oro
854,Cliente854,Bogota,oro
855,Cliente855,Bogota,oro
856,Cliente856,Bogota,oro
857,Cliente857,Bogota,oro
858,Cliente858,Bogota,oro
859,Cliente859,Bogota,oro
860,Cliente860,Bogota,oro
861,Cliente861,Bogota,oro
862,Cliente862,Bogota,oro
863,Cliente863,Bogota,oro
864,Cliente864,Bogota,oro
865,Cliente865,Bogota,oro
866,Cliente866,Bogota,oro
867,Cliente867,Bogota,oro
868,Cliente868,Bogota,oro
869,Cliente869,Bogota,oro
870,Cliente870,Bogota,oro
871,Cliente871,Bogota,oro
872,Cliente872,Bogota,oro
873,Cliente873,Bogota,oro
874,Cliente874,Bogota,oro
875,Cliente875,Bogota,oro
876,Cliente876,Bogota,oro
877,Cliente877,Bogota,oro
878,Cliente878,Bogota,oro
879,Cliente879,Bogota,oro
880,Cliente880,Bogota,oro
881,Cliente881,Bogota,oro
882,Cliente882,Bogota,oro
883,Cliente883,Bogota,oro
884,Cliente884,Bogota,oro
885,Cliente885,Bogota,oro
886,Cliente886,Bogota,oro
887,Cliente887,Bogota,oro
888,Cliente888,Bogota,oro
889,Cliente889,Bogota,oro
890,Cliente890,Bogota,oro
891,Cliente891,Bogota,oro
892,Cliente892,Bogota,oro
893,Cliente893,Bogota,oro
894,Cliente894,Bogota,oro
895,Cliente895,Bogota,oro
896,Cliente896,Bogota,oro
897,Cliente897,Bogota,oro
898,Cliente898,Bogota,oro
899,Cliente899,Bogota,oro
900,Cliente900,Bogota,oro
901,Cliente901,Bogota,oro
902,Cliente902,Bogota,oro
903,Cliente903,Bogota,oro
904,Cliente904,Bogota,oro
905,Cliente905,Bogota,oro
906,Cliente906,Bogota,oro
907,Cliente907,Bogota,oro
908,Cliente908,Bogota,oro
909,Cliente909,Bogota,oro
910,Cliente910,Bogota,oro
911,Cliente911,Bogota,oro
912,Cliente912,Bogota,oro
913,Cliente913,Bogota,oro
914,Cliente914,Bogota,oro
915,Cliente915,Bogota,oro
916,Cliente916,Bogota,oro
917,Cliente917,Bogota,oro
918,Cliente918,Bogota,oro
919,Cliente919,Bogota,oro
920,Cliente920,Bogota,oro
921,Cliente921,Bogota,oro
922,Cliente922,Bogota,oro
923,Cliente923,Bogota,oro
924,Cliente924,Bogota,oro
925,Cliente925,Bogota,oro
926,Cliente926,Bogota,oro
927,Cliente927,Bogota,oro
928,Cliente928,Bogota,oro
929,Cliente929,Bogota,oro
930,Cliente930,Bogota,oro
931,Cliente931,Bogota,oro
932,Cliente932,Bogota,oro
933,Cliente933,Bogota,oro
934,Cliente934,Bogota,oro
935,Cliente935,Bogota,oro
936,Cliente936,Bogota,oro
937,Cliente937,Bogota,oro
938,Cliente938,Bogota,oro
939,Cliente939,Bogota,oro
940,Cliente940,Bogota,oro
941,Cliente941,Bogota,oro
942,Cliente942,Bogota,oro
943,Cliente943,Bogota,oro
944,Cliente944,Bogota,oro
945,Cliente945,Bogota,oro
946,Cliente946,Bogota,oro
947,Cliente947,Bogota,oro
948,Cliente948,Bogota,oro
949,Cliente949,Bogota,oro
950,Cliente950,Bogota,oro
951,Cliente951,Bogota,oro
952,Cliente952,Bogota,oro
953,Cliente953,Bogota,oro
954,Cliente954,Bogota,oro
955,Cliente955,Bogota,oro
956,Cliente956,Bogota,oro
957,Cliente957,Bogota,oro
958,Cliente958,Bogota,oro
959,Cliente959,Bogota,oro
960,Cliente960,Bogota,oro
961,Cliente961,Bogota,oro
962,Cliente962,Bogota,oro
963,Cliente963,Bogota,oro
964,Cliente964,Bogota,oro
965,Cliente965,Bogota,oro
966,Cliente966,Bogota,oro
967,Cliente967,Bogota,oro
968,Cliente968,Bogota,oro
969,Cliente969,Bogota,oro
970,Cliente970,Bogota,oro
971,Cliente971,Bogota,oro
972,Cliente972,Bogota,oro
973,Cliente973,Bogota,oro
974,Cliente974,Bogota,oro
975,Cliente975,Bogota,oro
976,Cliente976,Bogota,oro
977,Cliente977,Bogota,oro
978,Cliente978,Bogota,oro
979,Cliente979,Bogota,oro
980,Cliente980,Bogota,oro
981,Cliente981,Bogota,oro
982,Cliente982,Bogota,oro
983,Cliente983,Bogota,oro
984,Cliente984,Bogota,oro
985,Cliente985,Bogota,oro
986,Cliente986,Bogota,oro
987,Cliente987,Bogota,oro
988,Cliente988,Bogota,oro
989,Cliente989,Bogota,oro
990,Cliente990,Bogota,oro
991,Cliente991,Bogota,oro
992,Cliente992,Bogota,oro
993,Cliente993,Bogota,oro
994,Cliente994,Bogota,oro
995,Cliente995,Bogota,oro
996,Cliente996,Bogota,oro
997,Cliente997,Bogota,oro
998,Cliente998,Bogota,oro
999,Cliente999,Bogota,oro
1000,Cliente1000,Bogota,oro
1001,Cliente1001,Bogota,oro
1002,Cliente1002,Bogota,oro
1003,Cliente1003,Bogota,oro
1004,Cliente1004,Bogota,oro
1005,Cliente1005,Bogota,oro
1006,Cliente1006,Bogota,oro
1007,Cliente1007,Bogota,oro
1008,Cliente1008,Bogota,oro
1009,Cliente1009,Bogota,oro
1010,Cliente1010,Bogota,oro
1011,Cliente1011,Bogota,oro
1012,Cliente1012,Bogota,oro
1013,Cliente1013,Bogota,oro
1014,Cliente1014,Bogota,oro
1015,Cliente1015,Bogota,oro
1016,Cliente1016,Bogota,oro
1017,Cliente1017,Bogota,oro
1018,Cliente1018,Bogota,oro
1019,Cliente1019,Bogota,oro
1020,Cliente1020,Bogota,oro
1021,Cliente1021,Bogota,oro
1022,Cliente1022,Bogota,oro
1023,Cliente1023,Bogota,oro
1024,Cliente1024,Bogota,oro
1025,Cliente1025,Bogota,oro
1026,Cliente1026,Bogota,oro
1027,Cliente1027,Bogota,oro
1028,Cliente1028,Bogota,oro
1029,Cliente1029,Bogota,oro
1030,Cliente1030,Bogota,oro
1031,Cliente1031,Bogota,oro
1032,Cliente1032,Bogota,oro
1033,Cliente1033,Bogota,oro
1034,Cliente1034,Bogota,oro
1035,Cliente1035,Bogota,oro
1036,Cliente1036,Bogota,oro
1037,Cliente1037,Bogota,oro
1038,Cliente1038,Bogota,oro
1039,Cliente1039,Bogota,oro
1040,Cliente1040,Bogota,oro
1041,Cliente1041,Bogota,oro
1042,Cliente1042,Bogota,oro
1043,Cliente1043,Bogota,oro
1044,Cliente1044,Bogota,oro
1045,Cliente1045,Bogota,oro
1046,Cliente1046,Bogota,oro
1047,Cliente1047,Bogota,oro
1048,Cliente1048,Bogota,oro
1049,Cliente1049,Bogota,oro
1050,Cliente1050,Bogota,oro
1051,Cliente1051,Bogota,oro
1052,Cliente1052,Bogota,oro
1053,Cliente1053,Bogota,oro
1054,Cliente1054,Bogota,oro
1055,Cliente1055,Bogota,oro
1056,Cliente1056,Bogota,oro
1057,Cliente1057,Bogota,oro
1058,Cliente1058,Bogota,oro
1059,Cliente1059,Bogota,oro
1060,Cliente1060,Bogota,oro
1061,Cliente1061,Bogota,oro
1062,Cliente1062,Bogota,oro
1063,Cliente1063,Bogota,oro
1064,Cliente1064,Bogota,oro
1065,Cliente1065,Bogota,oro
1066,Cliente1066,Bogota,oro
1067,Cliente1067,Bogota,oro
1068,Cliente1068,Bogota,oro
1069,Cliente1069,Bogota,oro
1070,Cliente1070,Bogota,oro
1071,Cliente1071,Bogota,oro
1072,Cliente1072,Bogota,oro
1073,Cliente1073,Bogota,oro
1074,Cliente1074,Bogota,oro
1075,Cliente1075,Bogota,oro
1076,Cliente1076,Bogota,oro
1077,Cliente1077,Bogota,oro
1078,Cliente1078,Bogota,oro
1079,Cliente1079,Bogota,oro
1080,Cliente1080,Bogota,oro
1081,Cliente1081,Bogota,oro
1082,Cliente1082,Bogota,oro
1083,Cliente1083,Bogota,oro
1084,Cliente1084,Bogota,oro
1085,Cliente1085,Bogota,oro
1086,Cliente1086,Bogota,oro
1087,Cliente1087,Bogota,oro
1088,Cliente1088,Bogota,oro
1089,Cliente1089,Bogota,oro
1090,Cliente1090,Bogota,oro
1091,Cliente1091,Bogota,oro
1092,Cliente1092,Bogota,oro
1093,Cliente1093,Bogota,oro
1094,Cliente1094,Bogota,oro
1095,Cliente1095,Bogota,oro
1096,Cliente1096,Bogota,oro
1097,Cliente1097,Bogota,oro
1098,Cliente1098,Bogota,oro
1099,Cliente1099,Bogota,oro
1100,Cliente1100,Bogota,oro
1101,Cliente1101,Bogota,oro
1102,Cliente1102,Bogota,oro
1103,Cliente1103,Bogota,oro
1104,Cliente1104,Bogota,oro
1105,Cliente1105,Bogota,oro
1106,Cliente1106,Bogota,oro
1107,Cliente1107,Bogota,oro
1108,Cliente1108,Bogota,oro
1109,Cliente1109,Bogota,oro
1110,Cliente1110,Bogota,oro
1111,Cliente1111,Bogota,oro
1112,Cliente1112,Bogota,oro
1113,Cliente1113,Bogota,oro
1114,Cliente1114,Bogota,oro
1115,Cliente1115,Bogota,oro
1116,Cliente1116,Bogota,oro
1117,Cliente1117,Bogota,oro
1118,Cliente1118,Bogota,oro
1119,Cliente1119,Bogota,oro
1120,Cliente1120,Bogota,oro
1121,Cliente1121,Bogota,oro
1122,Cliente1122,Bogota,oro
1123,Cliente1123,Bogota,oro
1124,Cliente1124,Bogota,oro
1125,Cliente1125,Bogota,oro
1126,Cliente1126,Bogota,oro
1127,Cliente1127,Bogota,oro
1128,Cliente1128,Bogota,oro
1129,Cliente1129,Bogota,oro
1130,Cliente1130,Bogota,oro
1131,Cliente1131,Bogota,oro
1132,Cliente1132,Bogota,oro
1133,Cliente1133,Bogota,oro
1134,Cliente1134,Bogota,oro
1135,Cliente1135,Bogota,oro
1136,Cliente1136,Bogota,oro
1137,Cliente1137,Bogota,oro
1138,Cliente1138,Bogota,oro
1139,Cliente1139,Bogota,oro
1140,Cliente1140,Bogota,oro
1141,Cliente1141,Bogota,oro
1142,Cliente1142,Bogota,oro
1143,Cliente1143,Bogota,oro
1144,Cliente1144,Bogota,oro
1145,Cliente1145,Bogota,oro
1146,Cliente1146,Bogota,oro
1147,Cliente1147,Bogota,oro
1148,Cliente1148,Bogota,oro
1149,Cliente1149,Bogota,oro
1150,Cliente1150,Bogota,oro
1151,Cliente1151,Bogota,oro
1152,Cliente1152,Bogota,oro
1153,Cliente1153,Bogota,oro
1154,Cliente1154,Bogota,oro
1155,Cliente1155,Bogota,oro
1156,Cliente1156,Bogota,oro
1157,Cliente1157,Bogota,oro
1158,Cliente1158,Bogota,oro
1159,Cliente1159,Bogota,oro
1160,Cliente1160,Bogota,oro
1161,Cliente1161,Bogota,oro
1162,Cliente1162,Bogota,oro
1163,Cliente1163,Bogota,oro
1164,Cliente1164,Bogota,oro
1165,Cliente1165,Bogota,oro
1166,Cliente1166,Bogota,oro
1167,Cliente1167,Bogota,oro
1168,Cliente1168,Bogota,oro
1169,Cliente1169,Bogota,oro
1170,Cliente1170,Bogota,oro
1171,Cliente1171,Bogota,oro
1172,Cliente1172,Bogota,oro
1173,Cliente1173,Bogota,oro
1174,Cliente1174,Bogota,oro
1175,Cliente1175,Bogota,oro
1176,Cliente1176,Bogota,oro
1177,Cliente1177,Bogota,oro
1178,Cliente1178,Bogota,oro
1179,Cliente1179,Bogota,oro
1180,Cliente1180,Bogota,oro
1181,Cliente1181,Bogota,oro
1182,Cliente1182,Bogota,oro
1183,Cliente1183,Bogota,oro
1184,Cliente1184,Bogota,oro
1185,Cliente1185,Bogota,oro
1186,Cliente1186,Bogota,oro
1187,Cliente1187,Bogota,oro
1188,Cliente1188,Bogota,oro
1189,Cliente1189,Bogota,oro
1190,Cliente1190,Bogota,oro
1191,Cliente1191,Bogota,oro
1192,Cliente1192,Bogota,oro
1193,Cliente1193,Bogota,oro
1194,Cliente1194,Bogota,oro
1195,Cliente1195,Bogota,oro
1196,Cliente1196,Bogota,oro
1197,Cliente1197,Bogota,oro
1198,Cliente1198,Bogota,oro
1199,Cliente1199,Bogota,oro
1200,Cliente1200,Bogota,oro
1201,Cliente1201,Bogota,oro
1202,Cliente1202,Bogota,oro
1203,Cliente1203,Bogota,oro
1204,Cliente1204,Bogota,oro
1205,Cliente1205,Bogota,oro
1206,Cliente1206,Bogota,oro
1207,Cliente1207,Bogota,oro
1208,Cliente1208,Bogota,oro
1209,Cliente1209,Bogota,oro
1210,Cliente1210,Bogota,oro
1211,Cliente1211,Bogota,oro
1212,Cliente1212,Bogota,oro
1213,Cliente1213,Bogota,oro
1214,Cliente1214,Bogota,oro
1215,Cliente1215,Bogota,oro
1216,Cliente1216,Bogota,oro
1217,Cliente1217,Bogota,oro
1218,Cliente1218,Bogota,oro
1219,Cliente1219,Bogota,oro
1220,Cliente1220,Bogota,oro
1221,Cliente1221,Bogota,oro
1222,Cliente1222,Bogota,oro
1223,Cliente1223,Bogota,oro
1224,Cliente1224,Bogota,oro
1225,Cliente1225,Bogota,oro
1226,Cliente1226,Bogota,oro
1227,Cliente1227,Bogota,oro
1228,Cliente1228,Bogota,oro
1229,Cliente1229,Bogota,oro
1230,Cliente1230,Bogota,oro
1231,Cliente1231,Bogota,oro
1232,Cliente1232,Bogota,oro
1233,Cliente1233,Bogota,oro
1234,Cliente1234,Bogota,oro
1235,Cliente1235,Bogota,oro
1236,Cliente1236,Bogota,oro
1237,Cliente1237,Bogota,oro
1238,Cliente1238,Bogota,oro
1239,Cliente1239,Bogota,oro
1240,Cliente1240,Bogota,oro
1241,Cliente1241,Bogota,oro
1242,Cliente1242,Bogota,oro
1243,Cliente1243,Bogota,oro
1244,Cliente1244,Bogota,oro
1245,Cliente1245,Bogota,oro
1246,Cliente1246,Bogota,oro
1247,Cliente1247,Bogota,oro
1248,Cliente1248,Bogota,oro
1249,Cliente1249,Bogota,oro
1250,Cliente1250,Bogota,oro
1251,Cliente1251,Bogota,oro
1252,Cliente1252,Bogota,oro
1253,Cliente1253,Bogota,oro
1254,Cliente1254,Bogota,oro
1255,Cliente1255,Bogota,oro
1256,Cliente1256,Bogota,oro
1257,Cliente1257,Bogota,oro
1258,Cliente1258,Bogota,oro
1259,Cliente1259,Bogota,oro
1260,Cliente1260,Bogota,oro
1261,Cliente1261,Bogota,oro
1262,Cliente1262,Bogota,oro
1263,Cliente1263,Bogota,oro
1264,Cliente1264,Bogota,oro
1265,Cliente1265,Bogota,oro
1266,Cliente1266,Bogota,oro
1267,Cliente1267,Bogota,oro
1268,Cliente1268,Bogota,oro
1269,Cliente1269,Bogota,oro
1270,Cliente1270,Bogota,oro
1271,Cliente1271,Bogota,oro
1272,Cliente1272,Bogota,oro
1273,Cliente1273,Bogota,oro
1274,Cliente1274,Bogota,oro
1275,Cliente1275,Bogota,oro
1276,Cliente1276,Bogota,oro
1277,Cliente1277,Bogota,oro
1278,Cliente1278,Bogota,oro
1279,Cliente1279,Bogota,oro
1280,Cliente1280,Bogota,oro
1281,Cliente1281,Bogota,oro
1282,Cliente1282,Bogota,oro
1283,Cliente1283,Bogota,oro
1284,Cliente1284,Bogota,oro
1285,Cliente1285,Bogota,oro
1286,Cliente1286,Bogota,oro
1287,Cliente1287,Bogota,oro
1288,Cliente1288,Bogota,oro
1289,Cliente1289,Bogota,oro
1290,Cliente1290,Bogota,oro
1291,Cliente1291,Bogota,oro
1292,Cliente1292,Bogota,oro
1293,Cliente1293,Bogota,oro
1294,Cliente1294,Bogota,oro
1295,Cliente1295,Bogota,oro
1296,Cliente1296,Bogota,oro
1297,Cliente1297,Bogota,oro
1298,Cliente1298,Bogota,oro
1299,Cliente1299,Bogota,oro
1300,Cliente1300,Bogota,oro
1301,Cliente1301,Bogota,oro
1302,Cliente1302,Bogota,oro
1303,Cliente1303,Bogota,oro
1304,Cliente1304,Bogota,oro
1305,Cliente1305,Bogota,oro
1306,Cliente1306,Bogota,oro
1307,Cliente1307,Bogota,oro
1308,Cliente1308,Bogota,oro
1309,Cliente1309,Bogota,oro
1310,Cliente1310,Bogota,oro
1311,Cliente1311,Bogota,oro
1312,Cliente1312,Bogota,oro
1313,Cliente1313,Bogota,oro
1314,Cliente1314,Bogota,oro
1315,Cliente1315,Bogota,oro
1316,Cliente1316,Bogota,oro
1317,Cliente1317,Bogota,oro
1318,Cliente1318,Bogota,oro
1319,Cliente1319,Bogota,oro
1320,Cliente1320,Bogota,oro
1321,Cliente1321,Bogota,oro
1322,Cliente1322,Bogota,oro
1323,Cliente1323,Bogota,oro
1324,Cliente1324,Bogota,oro
1325,Cliente1325,Bogota,oro
1326,Cliente1326,Bogota,oro
1327,Cliente1327,Bogota,oro
1328,Cliente1328,Bogota,oro
1329,Cliente1329,Bogota,oro
1330,Cliente1330,Bogota,oro
1331,Cliente1331,Bogota,oro
1332,Cliente1332,Bogota,oro
1333,Cliente1333,Bogota,oro
1334,Cliente1334,Bogota,oro
1335,Cliente1335,Bogota,oro
1336,Cliente1336,Bogota,oro
1337,Cliente1337,Bogota,oro
1338,Cliente1338,Bogota,oro
1339,Cliente1339,Bogota,oro
1340,Cliente1340,Bogota,oro
1341,Cliente1341,Bogota,oro
1342,Cliente1342,Bogota,oro
1343,Cliente1343,Bogota,oro
1344,Cliente1344,Bogota,oro
1345,Cliente1345,Bogota,oro
1346,Cliente1346,Bogota,oro
1347,Cliente1347,Bogota,oro
1348,Cliente1348,Bogota,oro
1349,Cliente1349,Bogota,oro
1350,Cliente1350,Bogota,oro
1351,Cliente1351,Bogota,oro
1352,Cliente1352,Bogota,oro
1353,Cliente1353,Bogota,oro
1354,Cliente1354,Bogota,oro
1355,Cliente1355,Bogota,oro
1356,Cliente1356,Bogota,oro
1357,Cliente1357,Bogota,oro
1358,Cliente1358,Bogota,oro
1359,Cliente1359,Bogota,oro
1360,Cliente1360,Bogota,oro
1361,Cliente1361,Bogota,oro
1362,Cliente1362,Bogota,oro
1363,Cliente1363,Bogota,oro
1364,Cliente1364,Bogota,oro
1365,Cliente1365,Bogota,oro
1366,Cliente1366,Bogota,oro
1367,Cliente1367,Bogota,oro
1368,Cliente1368,Bogota,oro
1369,Cliente1369,Bogota,oro
1370,Cliente1370,Bogota,oro
1371,Cliente1371,Bogota,oro
1372,Cliente1372,Bogota,oro
1373,Cliente1373,Bogota,oro
1374,Cliente1374,Bogota,oro
1375,Cliente1375,Bogota,oro
1376,Cliente1376,Bogota,oro
1377,Cliente1377,Bogota,oro
1378,Cliente1378,Bogota,oro
1379,Cliente1379,Bogota,oro
1380,Cliente1380,Bogota,oro
1381,Cliente1381,Bogota,oro
1382,Cliente1382,Bogota,oro
1383,Cliente1383,Bogota,oro
1384,Cliente1384,Bogota,oro
1385,Cliente1385,Bogota,oro
1386,Cliente1386,Bogota,oro
1387,Cliente1387,Bogota,oro
1388,Cliente1388,Bogota,oro
1389,Cliente1389,Bogota,oro
1390,Cliente1390,Bogota,oro
1391,Cliente1391,Bogota,oro
1392,Cliente1392,Bogota,oro
1393,Cliente1393,Bogota,oro
1394,Cliente1394,Bogota,oro
1395,Cliente1395,Bogota,oro
1396,Cliente1396,Bogota,oro
1397,Cliente1397,Bogota,oro
1398,Cliente1398,Bogota,oro
1399,Cliente1399,Bogota,oro
1400,Cliente1400,Bogota,oro
1401,Cliente1401,Bogota,oro
1402,Cliente1402,Bogota,oro
1403,Cliente1403,Bogota,oro
1404,Cliente1404,Bogota,oro
1405,Cliente1405,Bogota,oro
1406,Cliente1406,Bogota,oro
1407,Cliente1407,Bogota,oro
1408,Cliente1408,Bogota,oro
1409,Cliente1409,Bogota,oro
1410,Cliente1410,Bogota,oro
1411,Cliente1411,Bogota,oro
1412,Cliente1412,Bogota,oro
1413,Cliente1413,Bogota,oro
1414,Cliente1414,Bogota,oro
1415,Cliente1415,Bogota,oro
1416,Cliente1416,Bogota,oro
1417,Cliente1417,Bogota,oro
1418,Cliente1418,Bogota,oro
1419,Cliente1419,Bogota,oro
1420,Cliente1420,Bogota,oro
1421,Cliente1421,Bogota,oro
1422,Cliente1422,Bogota,oro
1423,Cliente1423,Bogota,oro
1424,Cliente1424,Bogota,oro
1425,Cliente1425,Bogota,oro
1426,Cliente1426,Bogota,oro
1427,Cliente1427,Bogota,oro
1428,Cliente1428,Bogota,oro
1429,Cliente1429,Bogota,oro
1430,Cliente1430,Bogota,oro
1431,Cliente1431,Bogota,oro
1432,Cliente1432,Bogota,oro
1433,Cliente1433,Bogota,oro
1434,Cliente1434,Bogota,oro
1435,Cliente1435,Bogota,oro
1436,Cliente1436,Bogota,oro
1437,Cliente1437,Bogota,oro
1438,Cliente1438,Bogota,oro
1439,Cliente1439,Bogota,oro
1440,Cliente1440,Bogota,oro
1441,Cliente1441,Bogota,oro
1442,Cliente1442,Bogota,oro
1443,Cliente1443,Bogota,oro
1444,Cliente1444,Bogota,oro
1445,Cliente1445,Bogota,oro
1446,Cliente1446,Bogota,oro
1447,Cliente1447,Bogota,oro
1448,Cliente1448,Bogota,oro
1449,Cliente1449,Bogota,oro
1450,Cliente1450,Bogota,oro
1451,Cliente1451,Bogota,oro
1452,Cliente1452,Bogota,oro
1453,Cliente1453,Bogota,oro
1454,Cliente1454,Bogota,oro
1455,Cliente1455,Bogota,oro
1456,Cliente1456,Bogota,oro
1457,Cliente1457,Bogota,oro
1458,Cliente1458,Bogota,oro
1459,Cliente1459,Bogota,oro
1460,Cliente1460,Bogota,oro
1461,Cliente1461,Bogota,oro
1462,Cliente1462,Bogota,oro
1463,Cliente1463,Bogota,oro
1464,Cliente1464,Bogota,oro
1465,Cliente1465,Bogota,oro
1466,Cliente1466,Bogota,oro
1467,Cliente1467,Bogota,oro
1468,Cliente1468,Bogota,oro
1469,Cliente1469,Bogota,oro
1470,Cliente1470,Bogota,oro
1471,Cliente1471,Bogota,oro
1472,Cliente1472,Bogota,oro
1473,Cliente1473,Bogota,oro
1474,Cliente1474,Bogota,oro
1475,Cliente1475,Bogota,oro
1476,Cliente1476,Bogota,oro
1477,Cliente1477,Bogota,oro
1478,Cliente1478,Bogota,oro
1479,Cliente1479,Bogota,oro
1480,Cliente1480,Bogota,oro
1481,Cliente1481,Bogota,oro
1482,Cliente1482,Bogota,oro
1483,Cliente1483,Bogota,oro
1484,Cliente1484,Bogota,oro
1485,Cliente1485,Bogota,oro
1486,Cliente1486,Bogota,oro
1487,Cliente1487,Bogota,oro
1488,Cliente1488,Bogota,oro
1489,Cliente1489,Bogota,oro
1490,Cliente1490,Bogota,oro
1491,Cliente1491,Bogota,oro
1492,Cliente1492,Bogota,oro
1493,Cliente1493,Bogota,oro
1494,Cliente1494,Bogota,oro
1495,Cliente1495,Bogota,oro
1496,Cliente1496,Bogota,oro
1497,Cliente1497,Bogota,oro
1498,Cliente1498,Bogota,oro
1499,Cliente1499,Bogota,oro
1500,Cliente1500,Bogota,oro
1501,Cliente1501,Bogota,oro
1502,Cliente1502,Bogota,oro
1503,Cliente1503,Bogota,oro
1504,Cliente1504,Bogota,oro
1505,Cliente1505,Bogota,oro
1506,Cliente1506,Bogota,oro
1507,Cliente1507,Bogota,oro
1508,Cliente1508,Bogota,oro
1509,Cliente1509,Bogota,oro
1510,Cliente1510,Bogota,oro
1511,Cliente1511,Bogota,oro
1512,Cliente1512,Bogota,oro
1513,Cliente1513,Bogota,oro
1514,Cliente1514,Bogota,oro
1515,Cliente1515,Bogota,oro
1516,Cliente1516,Bogota,oro
1517,Cliente1517,Bogota,oro
1518,Cliente1518,Bogota,oro
1519,Cliente1519,Bogota,oro
1520,Cliente1520,Bogota,oro
1521,Cliente1521,Bogota,oro
1522,Cliente1522,Bogota,oro
1523,Cliente1523,Bogota,oro
1524,Cliente1524,Bogota,oro
1525,Cliente1525,Bogota,oro
1526,Cliente1526,Bogota,oro
1527,Cliente1527,Bogota,oro
1528,Cliente1528,Bogota,oro
1529,Cliente1529,Bogota,oro
1530,Cliente1530,Bogota,oro
1531,Cliente1531,Bogota,oro
1532,Cliente1532,Bogota,oro
1533,Cliente1533,Bogota,oro
1534,Cliente1534,Bogota,oro
1535,Cliente1535,Bogota,oro
1536,Cliente1536,Bogota,oro
1537,Cliente1537,Bogota,oro
1538,Cliente1538,Bogota,oro
1539,Cliente1539,Bogota,oro
1540,Cliente1540,Bogota,oro
1541,Cliente1541,Bogota,oro
1542,Cliente1542,Bogota,oro
1543,Cliente1543,Bogota,oro
1544,Cliente1544,Bogota,oro
1545,Cliente1545,Bogota,oro
1546,Cliente1546,Bogota,oro
1547,Cliente1547,Bogota,oro
1548,Cliente1548,Bogota,oro
1549,Cliente1549,Bogota,oro
1550,Cliente1550,Bogota,oro
1551,Cliente1551,Bogota,oro
1552,Cliente1552,Bogota,oro
1553,Cliente1553,Bogota,oro
1554,Cliente1554,Bogota,oro
1555,Cliente1555,Bogota,oro
1556,Cliente1556,Bogota,oro
1557,Cliente1557,Bogota,oro
1558,Cliente1558,Bogota,oro
1559,Cliente1559,Bogota,oro
1560,Cliente1560,Bogota,oro
1561,Cliente1561,Bogota,oro
1562,Cliente1562,Bogota,oro
1563,Cliente1563,Bogota,oro
1564,Cliente1564,Bogota,oro
1565,Cliente1565,Bogota,oro
1566,Cliente1566,Bogota,oro
1567,Cliente1567,Bogota,oro
1568,Cliente1568,Bogota,oro
1569,Cliente1569,Bogota,oro
1570,Cliente1570,Bogota,oro
1571,Cliente1571,Bogota,oro
1572,Cliente1572,Bogota,oro
1573,Cliente1573,Bogota,oro
1574,Cliente1574,Bogota,oro
1575,Cliente1575,Bogota,oro
1576,Cliente1576,Bogota,oro
1577,Cliente1577,Bogota,oro
1578,Cliente1578,Bogota,oro
1579,Cliente1579,Bogota,oro
1580,Cliente1580,Bogota,oro
1581,Cliente1581,Bogota,oro
1582,Cliente1582,Bogota,oro
1583,Cliente1583,Bogota,oro
1584,Cliente1584,Bogota,oro
1585,Cliente1585,Bogota,oro
1586,Cliente1586,Bogota,oro
1587,Cliente1587,Bogota,oro
1588,Cliente1588,Bogota,oro
1589,Cliente1589,Bogota,oro
1590,Cliente1590,Bogota,oro
1591,Cliente1591,Bogota,oro
1592,Cliente1592,Bogota,oro
1593,Cliente1593,Bogota,oro
1594,Cliente1594,Bogota,oro
1595,Cliente1595,Bogota,oro
1596,Cliente1596,Bogota,oro
1597,Cliente1597,Bogota,oro
1598,Cliente1598,Bogota,oro
1599,Cliente1599,Bogota,oro
1600,Cliente1600,Bogota,oro
1601,Cliente1601,Bogota,oro
1602,Cliente1602,Bogota,oro
1603,Cliente1603,Bogota,oro
1604,Cliente1604,Bogota,oro
1605,Cliente1605,Bogota,oro
1606,Cliente1606,Bogota,oro
1607,Cliente1607,Bogota,oro
1608,Cliente1608,Bogota,oro
1609,Cliente1609,Bogota,oro
1610,Cliente1610,Bogota,oro
1611,Cliente1611,Bogota,oro
1612,Cliente1612,Bogota,oro
1613,Cliente1613,Bogota,oro
1614,Cliente1614,Bogota,oro
1615,Cliente1615,Bogota,oro
1616,Cliente1616,Bogota,oro
1617,Cliente1617,Bogota,oro
1618,Cliente1618,Bogota,oro
1619,Cliente1619,Bogota,oro
1620,Cliente1620,Bogota,oro
1621,Cliente1621,Bogota,oro
1622,Cliente1622,Bogota,oro
1623,Cliente1623,Bogota,oro
1624,Cliente1624,Bogota,oro
1625,Cliente1625,Bogota,oro
1626,Cliente1626,Bogota,oro
1627,Cliente1627,Bogota,oro
1628,Cliente1628,Bogota,oro
1629,Cliente1629,Bogota,oro
1630,Cliente1630,Bogota,oro
1631,Cliente1631,Bogota,oro
1632,Cliente1632,Bogota,oro
1633,Cliente1633,Bogota,oro
1634,Cliente1634,Bogota,oro
1635,Cliente1635,Bogota,oro
1636,Cliente1636,Bogota,oro
1637,Cliente1637,Bogota,oro
1638,Cliente1638,Bogota,oro
1639,Cliente1639,Bogota,oro
1640,Cliente1640,Bogota,oro
1641,Cliente1641,Bogota,oro
1642,Cliente1642,Bogota,oro
1643,Cliente1643,Bogota,oro
1644,Cliente1644,Bogota,oro
1645,Cliente1645,Bogota,oro
1646,Cliente1646,Bogota,oro
1647,Cliente1647,Bogota,oro
1648,Cliente1648,Bogota,oro
1649,Cliente1649,Bogota,oro
1650,Cliente1650,Bogota,oro
1651,Cliente1651,Bogota,oro
1652,Cliente1652,Bogota,oro
1653,Cliente1653,Bogota,oro
1654,Cliente1654,Bogota,oro
1655,Cliente1655,Bogota,oro
1656,Cliente1656,Bogota,oro
1657,Cliente1657,Bogota,oro
1658,Cliente1658,Bogota,oro
1659,Cliente1659,Bogota,oro
1660,Cliente1660,Bogota,oro
1661,Cliente1661,Bogota,oro
1662,Cliente1662,Bogota,oro
1663,Cliente1663,Bogota,oro
1664,Cliente1664,Bogota,oro
1665,Cliente1665,Bogota,oro
1666,Cliente1666,Bogota,oro
1667,Cliente1667,Bogota,oro
1668,Cliente1668,Bogota,oro
1669,Cliente1669,Bogota,oro
1670,Cliente1670,Bogota,oro
1671,Cliente1671,Bogota,oro
1672,Cliente1672,Bogota,oro
1673,Cliente1673,Bogota,oro
1674,Cliente1674,Bogota,oro
1675,Cliente1675,Bogota,oro
1676,Cliente1676,Bogota,oro
1677,Cliente1677,Bogota,oro
1678,Cliente1678,Bogota,oro
1679,Cliente1679,Bogota,oro
1680,Cliente1680,Bogota,oro
1681,Cliente1681,Bogota,oro
1682,Cliente1682,Bogota,oro
1683,Cliente1683,Bogota,oro
1684,Cliente1684,Bogota,oro
1685,Cliente1685,Bogota,oro
1686,Cliente1686,Bogota,oro
1687,Cliente1687,Bogota,oro
1688,Cliente1688,Bogota,oro
1689,Cliente1689,Bogota,oro
1690,Cliente1690,Bogota,oro
1691,Cliente1691,Bogota,oro
1692,Cliente1692,Bogota,oro
1693,Cliente1693,Bogota,oro
1694,Cliente1694,Bogota,oro
1695,Cliente1695,Bogota,oro
1696,Cliente1696,Bogota,oro
1697,Cliente1697,Bogota,oro
1698,Cliente1698,Bogota,oro
1699,Cliente1699,Bogota,oro
1700,Cliente1700,Bogota,oro
1701,Cliente1701,Bogota,oro
1702,Cliente1702,Bogota,oro
1703,Cliente1703,Bogota,oro
1704,Cliente1704,Bogota,oro
1705,Cliente1705,Bogota,oro
1706,Cliente1706,Bogota,oro
1707,Cliente1707,Bogota,oro
1708,Cliente1708,Bogota,oro
1709,Cliente1709,Bogota,oro
1710,Cliente1710,Bogota,oro
1711,Cliente1711,Bogota,oro
1712,Cliente1712,Bogota,oro
1713,Cliente1713,Bogota,oro
1714,Cliente1714,Bogota,oro
1715,Cliente1715,Bogota,oro
1716,Cliente1716,Bogota,oro
1717,Cliente1717,Bogota,oro
1718,Cliente1718,Bogota,oro
1719,Cliente1719,Bogota,oro
1720,Cliente1720,Bogota,oro
1721,Cliente1721,Bogota,oro
1722,Cliente1722,Bogota,oro
1723,Cliente1723,Bogota,oro
1724,Cliente1724,Bogota,oro
1725,Cliente1725,Bogota,oro
1726,Cliente1726,Bogota,oro
1727,Cliente1727,Bogota,oro
1728,Cliente1728,Bogota,oro
1729,Cliente1729,Bogota,oro
1730,Cliente1730,Bogota,oro
1731,Cliente1731,Bogota,oro
1732,Cliente1732,Bogota,oro
1733,Cliente1733,Bogota,oro
1734,Cliente1734,Bogota,oro
1735,Cliente1735,Bogota,oro
1736,Cliente1736,Bogota,oro
1737,Cliente1737,Bogota,oro
1738,Cliente1738,Bogota,oro
1739,Cliente1739,Bogota,oro
1740,Cliente1740,Bogota,oro
1741,Cliente1741,Bogota,oro
1742,Cliente1742,Bogota,oro
1743,Cliente1743,Bogota,oro
1744,Cliente1744,Bogota,oro
1745,Cliente1745,Bogota,oro
1746,Cliente1746,Bogota,oro
1747,Cliente1747,Bogota,oro
1748,Cliente1748,Bogota,oro
1749,Cliente1749,Bogota,oro
1750,Cliente1750,Bogota,oro
1751,Cliente1751,Bogota,oro
1752,Cliente1752,Bogota,oro
1753,Cliente1753,Bogota,oro
1754,Cliente1754,Bogota,oro
1755,Cliente1755,Bogota,oro
1756,Cliente1756,Bogota,oro
1757,Cliente1757,Bogota,oro
1758,Cliente1758,Bogota,oro
1759,Cliente1759,Bogota,oro
1760,Cliente1760,Bogota,oro
1761,Cliente1761,Bogota,oro
1762,Cliente1762,Bogota,oro
1763,Cliente1763,Bogota,oro
1764,Cliente1764,Bogota,oro
1765,Cliente1765,Bogota,oro
1766,Cliente1766,Bogota,oro
1767,Cliente1767,Bogota,oro
1768,Cliente1768,Bogota,oro
1769,Cliente1769,Bogota,oro
1770,Cliente1770,Bogota,oro
1771,Cliente1771,Bogota,oro
1772,Cliente1772,Bogota,oro
1773,Cliente1773,Bogota,oro
1774,Cliente1774,Bogota,oro
1775,Cliente1775,Bogota,oro
1776,Cliente1776,Bogota,oro
1777,Cliente1777,Bogota,oro
1778,Cliente1778,Bogota,oro
1779,Cliente1779,Bogota,oro
1780,Cliente1780,Bogota,oro
1781,Cliente1781,Bogota,oro
1782,Cliente1782,Bogota,oro
1783,Cliente1783,Bogota,oro
1784,Cliente1784,Bogota,oro
1785,Cliente1785,Bogota,oro
1786,Cliente1786,Bogota,oro
1787,Cliente1787,Bogota,oro
1788,Cliente1788,Bogota,oro
1789,Cliente1789,Bogota,oro
1790,Cliente1790,Bogota,oro
1791,Cliente1791,Bogota,oro
1792,Cliente1792,Bogota,oro
1793,Cliente1793,Bogota,oro
1794,Cliente1794,Bogota,oro
1795,Cliente1795,Bogota,oro
1796,Cliente1796,Bogota,oro
1797,Cliente1797,Bogota,oro
1798,Cliente1798,Bogota,oro
1799,Cliente1799,Bogota,oro
1800,Cliente1800,Bogota,oro
1801,Cliente1801,Bogota,oro
1802,Cliente1802,Bogota,oro
1803,Cliente1803,Bogota,oro
1804,Cliente1804,Bogota,oro
1805,Cliente1805,Bogota,oro
1806,Cliente1806,Bogota,oro
1807,Cliente1807,Bogota,oro
1808,Cliente1808,Bogota,oro
1809,Cliente1809,Bogota,oro
1810,Cliente1810,Bogota,oro
1811,Cliente1811,Bogota,oro
1812,Cliente1812,Bogota,oro
1813,Cliente1813,Bogota,oro
1814,Cliente1814,Bogota,oro
1815,Cliente1815,Bogota,oro
1816,Cliente1816,Bogota,oro
1817,Cliente1817,Bogota,oro
1818,Cliente1818,Bogota,oro
1819,Cliente1819,Bogota,oro
1820,Cliente1820,Bogota,oro
1821,Cliente1821,Bogota,oro
1822,Cliente1822,Bogota,oro
1823,Cliente1823,Bogota,oro
1824,Cliente1824,Bogota,oro
1825,Cliente1825,Bogota,oro
1826,Cliente1826,Bogota,oro
1827,Cliente1827,Bogota,oro
1828,Cliente1828,Bogota,oro
1829,Cliente1829,Bogota,oro
1830,Cliente1830,Bogota,oro
1831,Cliente1831,Bogota,oro
1832,Cliente1832,Bogota,oro
1833,Cliente1833,Bogota,oro
1834,Cliente1834,Bogota,oro
1835,Cliente1835,Bogota,oro
1836,Cliente1836,Bogota,oro
1837,Cliente1837,Bogota,oro
1838,Cliente1838,Bogota,oro
1839,Cliente1839,Bogota,oro
1840,Cliente1840,Bogota,oro
1841,Cliente1841,Bogota,oro
1842,Cliente1842,Bogota,oro
1843,Cliente1843,Bogota,oro
1844,Cliente1844,Bogota,oro
1845,Cliente1845,Bogota,oro
1846,Cliente1846,Bogota,oro
1847,Cliente1847,Bogota,oro
1848,Cliente1848,Bogota,oro
1849,Cliente1849,Bogota,oro
1850,Cliente1850,Bogota,oro
1851,Cliente1851,Bogota,oro
1852,Cliente1852,Bogota,oro
1853,Cliente1853,Bogota,oro
1854,Cliente1854,Bogota,oro
1855,Cliente1855,Bogota,oro
1856,Cliente1856,Bogota,oro
1857,Cliente1857,Bogota,oro
1858,Cliente1858,Bogota,oro
1859,Cliente1859,Bogota,oro
1860,Cliente1860,Bogota,oro
1861,Cliente1861,Bogota,oro
1862,Cliente1862,Bogota,oro
1863,Cliente1863,Bogota,oro
1864,Cliente1864,Bogota,oro
1865,Cliente1865,Bogota,oro
1866,Cliente1866,Bogota,oro
1867,Cliente1867,Bogota,oro
1868,Cliente1868,Bogota,oro
1869,Cliente1869,Bogota,oro
1870,Cliente1870,Bogota,oro
1871,Cliente1871,Bogota,oro
1872,Cliente1872,Bogota,oro
1873,Cliente1873,Bogota,oro
1874,Cliente1874,Bogota,oro
1875,Cliente1875,Bogota,oro
1876,Cliente1876,Bogota,oro
1877,Cliente1877,Bogota,oro
1878,Cliente1878,Bogota,oro
1879,Cliente1879,Bogota,oro
1880,Cliente1880,Bogota,oro
1881,Cliente1881,Bogota,oro
1882,Cliente1882,Bogota,oro
1883,Cliente1883,Bogota,oro
1884,Cliente1884,Bogota,oro
1885,Cliente1885,Bogota,oro
1886,Cliente1886,Bogota,oro
1887,Cliente1887,Bogota,oro
1888,Cliente1888,Bogota,oro
1889,Cliente1889,Bogota,oro
1890,Cliente1890,Bogota,oro
1891,Cliente1891,Bogota,oro
1892,Cliente1892,Bogota,oro
1893,Cliente1893,Bogota,oro
1894,Cliente1894,Bogota,oro
1895,Cliente1895,Bogota,oro
1896,Cliente1896,Bogota,oro
1897,Cliente1897,Bogota,oro
1898,Cliente1898,Bogota,oro
1899,Cliente1899,Bogota,oro
1900,Cliente1900,Bogota,oro
1901,Cliente1901,Bogota,oro
1902,Cliente1902,Bogota,oro
1903,Cliente1903,Bogota,oro
1904,Cliente1904,Bogota,oro
1905,Cliente1905,Bogota,oro
1906,Cliente1906,Bogota,oro
1907,Cliente1907,Bogota,oro
1908,Cliente1908,Bogota,oro
1909,Cliente1909,Bogota,oro
1910,Cliente1910,Bogota,oro
1911,Cliente1911,Bogota,oro
1912,Cliente1912,Bogota,oro
1913,Cliente1913,Bogota,oro
1914,Cliente1914,Bogota,oro
1915,Cliente1915,Bogota,oro
1916,Cliente1916,Bogota,oro
1917,Cliente1917,Bogota,oro
1918,Cliente1918,Bogota,oro
1919,Cliente1919,Bogota,oro
1920,Cliente1920,Bogota,oro
1921,Cliente1921,Bogota,oro
1922,Cliente1922,Bogota,oro
1923,Cliente1923,Bogota,oro
1924,Cliente1924,Bogota,oro
1925,Cliente1925,Bogota,oro
1926,Cliente1926,Bogota,oro
1927,Cliente1927,Bogota,oro
1928,Cliente1928,Bogota,oro
1929,Cliente1929,Bogota,oro
1930,Cliente1930,Bogota,oro
1931,Cliente1931,Bogota,oro
1932,Cliente1932,Bogota,oro
1933,Cliente1933,Bogota,oro
1934,Cliente1934,Bogota,oro
1935,Cliente1935,Bogota,oro
1936,Cliente1936,Bogota,oro
1937,Cliente1937,Bogota,oro
1938,Cliente1938,Bogota,oro
1939,Cliente1939,Bogota,oro
1940,Cliente1940,Bogota,oro
1941,Cliente1941,Bogota,oro
1942,Cliente1942,Bogota,oro
1943,Cliente1943,Bogota,oro
1944,Cliente1944,Bogota,oro
1945,Cliente1945,Bogota,oro
1946,Cliente1946,Bogota,oro
1947,Cliente1947,Bogota,oro
1948,Cliente1948,Bogota,oro
1949,Cliente1949,Bogota,oro
1950,Cliente1950,Bogota,oro
1951,Cliente1951,Bogota,oro
1952,Cliente1952,Bogota,oro
1953,Cliente1953,Bogota,oro
1954,Cliente1954,Bogota,oro
1955,Cliente1955,Bogota,oro
1956,Cliente1956,Bogota,oro
1957,Cliente1957,Bogota,oro
1958,Cliente1958,Bogota,oro
1959,Cliente1959,Bogota,oro
1960,Cliente1960,Bogota,oro
1961,Cliente1961,Bogota,oro
1962,Cliente1962,Bogota,oro
1963,Cliente1963,Bogota,oro
1964,Cliente1964,Bogota,oro
1965,Cliente1965,Bogota,oro
1966,Cliente1966,Bogota,oro
1967,Cliente1967,Bogota,oro
1968,Cliente1968,Bogota,oro
1969,Cliente1969,Bogota,oro
1970,Cliente1970,Bogota,oro
1971,Cliente1971,Bogota,oro
1972,Cliente1972,Bogota,oro
1973,Cliente1973,Bogota,oro
1974,Cliente1974,Bogota,oro
1975,Cliente1975,Bogota,oro
1976,Cliente1976,Bogota,oro
1977,Cliente1977,Bogota,oro
1978,Cliente1978,Bogota,oro
1979,Cliente1979,Bogota,oro
1980,Cliente1980,Bogota,oro
1981,Cliente1981,Bogota,oro
1982,Cliente1982,Bogota,oro
1983,Cliente1983,Bogota,oro
1984,Cliente1984,Bogota,oro
1985,Cliente1985,Bogota,oro
1986,Cliente1986,Bogota,oro
1987,Cliente1987,Bogota,oro
1988,Cliente1988,Bogota,oro
1989,Cliente1989,Bogota,oro
1990,Cliente1990,Bogota,oro
1991,Cliente1991,Bogota,oro
1992,Cliente1992,Bogota,oro
1993,Cliente1993,Bogota,oro
1994,Cliente1994,Bogota,oro
1995,Cliente1995,Bogota,oro
1996,Cliente1996,Bogota,oro
1997,Cliente1997,Bogota,oro
1998,Cliente1998,Bogota,oro
1999,Cliente1999,Bogota,oro
2000,Cliente2000,Bogota,oro
2001,Cliente2001,Bogota,oro
2002,Cliente2002,Bogota,oro
2003,Cliente2003,Bogota,oro
2004,Cliente2004,Bogota,oro
2005,Cliente2005,Bogota,oro
2006,Cliente2006,Bogota,oro
2007,Cliente2007,Bogota,oro
2008,Cliente2008,Bogota,oro
2009,Cliente2009,Bogota,oro
2010,Cliente2010,Bogota,oro
2011,Cliente2011,Bogota,oro
2012,Cliente2012,Bogota,oro
2013,Cliente2013,Bogota,oro
2014,Cliente2014,Bogota,oro
2015,Cliente2015,Bogota,oro
2016,Cliente2016,Bogota,oro
2017,Cliente2017,Bogota,oro
2018,Cliente2018,Bogota,oro
2019,Cliente2019,Bogota,oro
2020,Cliente2020,Bogota,oro
2021,Cliente2021,Bogota,oro
2022,Cliente2022,Bogota,oro
2023,Cliente2023,Bogota,oro
2024,Cliente2024,Bogota,oro
2025,Cliente2025,Bogota,oro
2026,Cliente2026,Bogota,oro
2027,Cliente2027,Bogota,oro
2028,Cliente2028,Bogota,oro
2029,Cliente2029,Bogota,oro
2030,Cliente2030,Bogota,oro
2031,Cliente2031,Bogota,oro
2032,Cliente2032,Bogota,oro
2033,Cliente2033,Bogota,oro
2034,Cliente2034,Bogota,oro
2035,Cliente2035,Bogota,oro
2036,Cliente2036,Bogota,oro
2037,Cliente2037,Bogota,oro
2038,Cliente2038,Bogota,oro
2039,Cliente2039,Bogota,oro
2040,Cliente2040,Bogota,oro
2041,Cliente2041,Bogota,oro
2042,Cliente2042,Bogota,oro
2043,Cliente2043,Bogota,oro
2044,Cliente2044,Bogota,oro
2045,Cliente2045,Bogota,oro
2046,Cliente2046,Bogota,oro
2047,Cliente2047,Bogota,oro
2048,Cliente2048,Bogota,oro
2049,Cliente2049,Bogota,oro
2050,Cliente2050,Bogota,oro
2051,Cliente2051,Bogota,oro
2052,Cliente2052,Bogota,oro
2053,Cliente2053,Bogota,oro
2054,Cliente2054,Bogota,oro
2055,Cliente2055,Bogota,oro
2056,Cliente2056,Bogota,oro
2057,Cliente2057,Bogota,oro
2058,Cliente2058,Bogota,oro
2059,Cliente2059,Bogota,oro
2060,Cliente2060,Bogota,oro
2061,Cliente2061,Bogota,oro
2062,Cliente2062,Bogota,oro
2063,Cliente2063,Bogota,oro
2064,Cliente2064,Bogota,oro
2065,Cliente2065,Bogota,oro
2066,Cliente2066,Bogota,oro
2067,Cliente2067,Bogota,oro
2068,Cliente2068,Bogota,oro
2069,Cliente2069,Bogota,oro
2070,Cliente2070,Bogota,oro
2071,Cliente2071,Bogota,oro
2072,Cliente2072,Bogota,oro
2073,Cliente2073,Bogota,oro
2074,Cliente2074,Bogota,oro
2075,Cliente2075,Bogota,oro
2076,Cliente2076,Bogota,oro
2077,Cliente2077,Bogota,oro
2078,Cliente2078,Bogota,oro
2079,Cliente2079,Bogota,oro
2080,Cliente2080,Bogota,oro
2081,Cliente2081,Bogota,oro
2082,Cliente2082,Bogota,oro
2083,Cliente2083,Bogota,oro
2084,Cliente2084,Bogota,oro
2085,Cliente2085,Bogota,oro
2086,Cliente2086,Bogota,oro
2087,Cliente2087,Bogota,oro
2088,Cliente2088,Bogota,oro
2089,Cliente2089,Bogota,oro
2090,Cliente2090,Bogota,oro
2091,Cliente2091,Bogota,oro
2092,Cliente2092,Bogota,oro
2093,Cliente2093,Bogota,oro
2094,Cliente2094,Bogota,oro
2095,Cliente2095,Bogota,oro
2096,Cliente2096,Bogota,oro
2097,Cliente2097,Bogota,oro
2098,Cliente2098,Bogota,oro
2099,Cliente2099,Bogota,oro
2100,Cliente2100,Bogota,oro
2101,Cliente2101,Bogota,oro
2102,Cliente2102,Bogota,oro
2103,Cliente2103,Bogota,oro
2104,Cliente2104,Bogota,oro
2105,Cliente2105,Bogota,oro
2106,Cliente2106,Bogota,oro
2107,Cliente2107,Bogota,oro
2108,Cliente2108,Bogota,oro
2109,Cliente2109,Bogota,oro
2110,Cliente2110,Bogota,oro
2111,Cliente2111,Bogota,oro
2112,Cliente2112,Bogota,oro
2113,Cliente2113,Bogota,oro
2114,Cliente2114,Bogota,oro
2115,Cliente2115,Bogota,oro
2116,Cliente2116,Bogota,oro
2117,Cliente2117,Bogota,oro
2118,Cliente2118,Bogota,oro
2119,Cliente2119,Bogota,oro
2120,Cliente2120,Bogota,oro
2121,Cliente2121,Bogota,oro
2122,Cliente2122,Bogota,oro
2123,Cliente2123,Bogota,oro
2124,Cliente2124,Bogota,oro
2125,Cliente2125,Bogota,oro
2126,Cliente2126,Bogota,oro
2127,Cliente2127,Bogota,oro
2128,Cliente2128,Bogota,oro
2129,Cliente2129,Bogota,oro
2130,Cliente2130,Bogota,oro
2131,Cliente2131,Bogota,oro
2132,Cliente2132,Bogota,oro
2133,Cliente2133,Bogota,oro
2134,Cliente2134,Bogota,oro
2135,Cliente2135,Bogota,oro
2136,Cliente2136,Bogota,oro
2137,Cliente2137,Bogota,oro
2138,Cliente2138,Bogota,oro
2139,Cliente2139,Bogota,oro
2140,Cliente2140,Bogota,oro
2141,Cliente2141,Bogota,oro
2142,Cliente2142,Bogota,oro
2143,Cliente2143,Bogota,oro
2144,Cliente2144,Bogota,oro
2145,Cliente2145,Bogota,oro
2146,Cliente2146,Bogota,oro
2147,Cliente2147,Bogota,oro
2148,Cliente2148,Bogota,oro
2149,Cliente2149,Bogota,oro
2150,Cliente2150,Bogota,oro
2151,Cliente2151,Bogota,oro
2152,Cliente2152,Bogota,oro
2153,Cliente2153,Bogota,oro
2154,Cliente2154,Bogota,oro
2155,Cliente2155,Bogota,oro
2156,Cliente2156,Bogota,oro
2157,Cliente2157,Bogota,oro
2158,Cliente2158,Bogota,oro
2159,Cliente2159,Bogota,oro
2160,Cliente2160,Bogota,oro
2161,Cliente2161,Bogota,oro
2162,Cliente2162,Bogota,oro
2163,Cliente2163,Bogota,oro
2164,Cliente2164,Bogota,oro
2165,Cliente2165,Bogota,oro
2166,Cliente2166,Bogota,oro
2167,Cliente2167,Bogota,oro
2168,Cliente2168,Bogota,oro
2169,Cliente2169,Bogota,oro
2170,Cliente2170,Bogota,oro
2171,Cliente2171,Bogota,oro
2172,Cliente2172,Bogota,oro
2173,Cliente2173,Bogota,oro
2174,Cliente2174,Bogota,oro
2175,Cliente2175,Bogota,oro
2176,Cliente2176,Bogota,oro
2177,Cliente2177,Bogota,oro
2178,Cliente2178,Bogota,oro
2179,Cliente2179,Bogota,oro
2180,Cliente2180,Bogota,oro
2181,Cliente2181,Bogota,oro
2182,Cliente2182,Bogota,oro
2183,Cliente2183,Bogota,oro
2184,Cliente2184,Bogota,oro
2185,Cliente2185,Bogota,oro
2186,Cliente2186,Bogota,oro
2187,Cliente2187,Bogota,oro
2188,Cliente2188,Bogota,oro
2189,Cliente2189,Bogota,oro
2190,Cliente2190,Bogota,oro
2191,Cliente2191,Bogota,oro
2192,Cliente2192,Bogota,oro
2193,Cliente2193,Bogota,oro
2194,Cliente2194,Bogota,oro
2195,Cliente2195,Bogota,oro
2196,Cliente2196,Bogota,oro
2197,Cliente2197,Bogota,oro
2198,Cliente2198,Bogota,oro
2199,Cliente2199,Bogota,oro
2200,Cliente2200,Bogota,oro
2201,Cliente2201,Bogota,oro
2202,Cliente2202,Bogota,oro
2203,Cliente2203,Bogota,oro
2204,Cliente2204,Bogota,oro
2205,Cliente2205,Bogota,oro
2206,Cliente2206,Bogota,oro
2207,Cliente2207,Bogota,oro
2208,Cliente2208,Bogota,oro
2209,Cliente2209,Bogota,oro
2210,Cliente2210,Bogota,oro
2211,Cliente2211,Bogota,oro
2212,Cliente2212,Bogota,oro
2213,Cliente2213,Bogota,oro
2214,Cliente2214,Bogota,oro
2215,Cliente2215,Bogota,oro
2216,Cliente2216,Bogota,oro
2217,Cliente2217,Bogota,oro
2218,Cliente2218,Bogota,oro
2219,Cliente2219,Bogota,oro
2220,Cliente2220,Bogota,oro
2221,Cliente2221,Bogota,oro
2222,Cliente2222,Bogota,oro
2223,Cliente2223,Bogota,oro
2224,Cliente2224,Bogota,oro
2225,Cliente2225,Bogota,oro
2226,Cliente2226,Bogota,oro
2227,Cliente2227,Bogota,oro
2228,Cliente2228,Bogota,oro
2229,Cliente2229,Bogota,oro
2230,Cliente2230,Bogota,oro
2231,Cliente2231,Bogota,oro
2232,Cliente2232,Bogota,oro
2233,Cliente2233,Bogota,oro
2234,Cliente2234,Bogota,oro
2235,Cliente2235,Bogota,oro
2236,Cliente2236,Bogota,oro
2237,Cliente2237,Bogota,oro
2238,Cliente2238,Bogota,oro
2239,Cliente2239,Bogota,oro
2240,Cliente2240,Bogota,oro
2241,Cliente2241,Bogota,oro
2242,Cliente2242,Bogota,oro
2243,Cliente2243,Bogota,oro
2244,Cliente2244,Bogota,oro
2245,Cliente2245,Bogota,oro
2246,Cliente2246,Bogota,oro
2247,Cliente2247,Bogota,oro
2248,Cliente2248,Bogota,oro
2249,Cliente2249,Bogota,oro
2250,Cliente2250,Bogota,oro
2251,Cliente2251,Bogota,oro
2252,Cliente2252,Bogota,oro
2253,Cliente2253,Bogota,oro
2254,Cliente2254,Bogota,oro
2255,Cliente2255,Bogota,oro
2256,Cliente2256,Bogota,oro
2257,Cliente2257,Bogota,oro
2258,Cliente2258,Bogota,oro
2259,Cliente2259,Bogota,oro
2260,Cliente2260,Bogota,oro
2261,Cliente2261,Bogota,oro
2262,Cliente2262,Bogota,oro
2263,Cliente2263,Bogota,oro
2264,Cliente2264,Bogota,oro
2265,Cliente2265,Bogota,oro
2266,Cliente2266,Bogota,oro
2267,Cliente2267,Bogota,oro
2268,Cliente2268,Bogota,oro
2269,Cliente2269,Bogota,oro
2270,Cliente2270,Bogota,oro
2271,Cliente2271,Bogota,oro
2272,Cliente2272,Bogota,oro
2273,Cliente2273,Bogota,oro
2274,Cliente2274,Bogota,oro
2275,Cliente2275,Bogota,oro
2276,Cliente2276,Bogota,oro
2277,Cliente2277,Bogota,oro
2278,Cliente2278,Bogota,oro
2279,Cliente2279,Bogota,oro
2280,Cliente2280,Bogota,oro
2281,Cliente2281,Bogota,oro
2282,Cliente2282,Bogota,oro
2283,Cliente2283,Bogota,oro
2284,Cliente2284,Bogota,oro
2285,Cliente2285,Bogota,oro
2286,Cliente2286,Bogota,oro
2287,Cliente2287,Bogota,oro
2288,Cliente2288,Bogota,oro
2289,Cliente2289,Bogota,oro
2290,Cliente2290,Bogota,oro
2291,Cliente2291,Bogota,oro
2292,Cliente2292,Bogota,oro
2293,Cliente2293,Bogota,oro
2294,Cliente2294,Bogota,oro
2295,Cliente2295,Bogota,oro
2296,Cliente2296,Bogota,oro
2297,Cliente2297,Bogota,oro
2298,Cliente2298,Bogota,oro
2299,Cliente2299,Bogota,oro
2300,Cliente2300,Bogota,oro
2301,Cliente2301,Bogota,oro
2302,Cliente2302,Bogota,oro
2303,Cliente2303,Bogota,oro
2304,Cliente2304,Bogota,oro
2305,Cliente2305,Bogota,oro
2306,Cliente2306,Bogota,oro
2307,Cliente2307,Bogota,oro
2308,Cliente2308,Bogota,oro
2309,Cliente2309,Bogota,oro
2310,Cliente2310,Bogota,oro
2311,Cliente2311,Bogota,oro
2312,Cliente2312,Bogota,oro
2313,Cliente2313,Bogota,oro
2314,Cliente2314,Bogota,oro
2315,Cliente2315,Bogota,oro
2316,Cliente2316,Bogota,oro
2317,Cliente2317,Bogota,oro
2318,Cliente2318,Bogota,oro
2319,Cliente2319,Bogota,oro
2320,Cliente2320,Bogota,oro
2321,Cliente2321,Bogota,oro
2322,Cliente2322,Bogota,oro
2323,Cliente2323,Bogota,oro
2324,Cliente2324,Bogota,oro
2325,Cliente2325,Bogota,oro
2326,Cliente2326,Bogota,oro
2327,Cliente2327,Bogota,oro
2328,Cliente2328,Bogota,oro
2329,Cliente2329,Bogota,oro
2330,Cliente2330,Bogota,oro
2331,Cliente2331,Bogota,oro
2332,Cliente2332,Bogota,oro
2333,Cliente2333,Bogota,oro
2334,Cliente2334,Bogota,oro
2335,Cliente2335,Bogota,oro
2336,Cliente2336,Bogota,oro
2337,Cliente2337,Bogota,oro
2338,Cliente2338,Bogota,oro
2339,Cliente2339,Bogota,oro
2340,Cliente2340,Bogota,oro
2341,Cliente2341,Bogota,oro
2342,Cliente2342,Bogota,oro
2343,Cliente2343,Bogota,oro
2344,Cliente2344,Bogota,oro
2345,Cliente2345,Bogota,oro
2346,Cliente2346,Bogota,oro
2347,Cliente2347,Bogota,oro
2348,Cliente2348,Bogota,oro
2349,Cliente2349,Bogota,oro
2350,Cliente2350,Bogota,oro
2351,Cliente2351,Bogota,oro
2352,Cliente2352,Bogota,oro
2353,Cliente2353,Bogota,oro
2354,Cliente2354,Bogota,oro
2355,Cliente2355,Bogota,oro
2356,Cliente2356,Bogota,oro
2357,Cliente2357,Bogota,oro
2358,Cliente2358,Bogota,oro
2359,Cliente2359,Bogota,oro
2360,Cliente2360,Bogota,oro
2361,Cliente2361,Bogota,oro
2362,Cliente2362,Bogota,oro
2363,Cliente2363,Bogota,oro
2364,Cliente2364,Bogota,oro
2365,Cliente2365,Bogota,oro
2366,Cliente2366,Bogota,oro
2367,Cliente2367,Bogota,oro
2368,Cliente2368,Bogota,oro
2369,Cliente2369,Bogota,oro
2370,Cliente2370,Bogota,oro
2371,Cliente2371,Bogota,oro
2372,Cliente2372,Bogota,oro
2373,Cliente2373,Bogota,oro
2374,Cliente2374,Bogota,oro
2375,Cliente2375,Bogota,oro
2376,Cliente2376,Bogota,oro
2377,Cliente2377,Bogota,oro
2378,Cliente2378,Bogota,oro
2379,Cliente2379,Bogota,oro
2380,Cliente2380,Bogota,oro
2381,Cliente2381,Bogota,oro
2382,Cliente2382,Bogota,oro
2383,Cliente2383,Bogota,oro
2384,Cliente2384,Bogota,oro
2385,Cliente2385,Bogota,oro
2386,Cliente2386,Bogota,oro
2387,Cliente2387,Bogota,oro
2388,Cliente2388,Bogota,oro
2389,Cliente2389,Bogota,oro
2390,Cliente2390,Bogota,oro
2391,Cliente2391,Bogota,oro
2392,Cliente2392,Bogota,oro
2393,Cliente2393,Bogota,oro
2394,Cliente2394,Bogota,oro
2395,Cliente2395,Bogota,oro
2396,Cliente2396,Bogota,oro
2397,Cliente2397,Bogota,oro
2398,Cliente2398,Bogota,oro
2399,Cliente2399,Bogota,oro
2400,Cliente2400,Bogota,oro
2401,Cliente2401,Bogota,oro
2402,Cliente2402,Bogota,oro
2403,Cliente2403,Bogota,oro
2404,Cliente2404,Bogota,oro
2405,Cliente2405,Bogota,oro
2406,Cliente2406,Bogota,oro
2407,Cliente2407,Bogota,oro
2408,Cliente2408,Bogota,oro
2409,Cliente2409,Bogota,oro
2410,Cliente2410,Bogota,oro
2411,Cliente2411,Bogota,oro
2412,Cliente2412,Bogota,oro
2413,Cliente2413,Bogota,oro
2414,Cliente2414,Bogota,oro
2415,Cliente2415,Bogota,oro
2416,Cliente2416,Bogota,oro
2417,Cliente2417,Bogota,oro
2418,Cliente2418,Bogota,oro
2419,Cliente2419,Bogota,oro
2420,Cliente2420,Bogota,oro
2421,Cliente2421,Bogota,oro
2422,Cliente2422,Bogota,oro
2423,Cliente2423,Bogota,oro
2424,Cliente2424,Bogota,oro
2425,Cliente2425,Bogota,oro
2426,Cliente2426,Bogota,oro
2427,Cliente2427,Bogota,oro
2428,Cliente2428,Bogota,oro
2429,Cliente2429,Bogota,oro
2430,Cliente2430,Bogota,oro
2431,Cliente2431,Bogota,oro
2432,Cliente2432,Bogota,oro
2433,Cliente2433,Bogota,oro
2434,Cliente2434,Bogota,oro
2435,Cliente2435,Bogota,oro
2436,Cliente2436,Bogota,oro
2437,Cliente2437,Bogota,oro
2438,Cliente2438,Bogota,oro
2439,Cliente2439,Bogota,oro
2440,Cliente2440,Bogota,oro
2441,Cliente2441,Bogota,oro
2442,Cliente2442,Bogota,oro
2443,Cliente2443,Bogota,oro
2444,Cliente2444,Bogota,oro
2445,Cliente2445,Bogota,oro
2446,Cliente2446,Bogota,oro
2447,Cliente2447,Bogota,oro
2448,Cliente2448,Bogota,oro
2449,Cliente2449,Bogota,oro
2450,Cliente2450,Bogota,oro
2451,Cliente2451,Bogota,oro
2452,Cliente2452,Bogota,oro
2453,Cliente2453,Bogota,oro
2454,Cliente2454,Bogota,oro
2455,Cliente2455,Bogota,oro
2456,Cliente2456,Bogota,oro
2457,Cliente2457,Bogota,oro
2458,Cliente2458,Bogota,oro
2459,Cliente2459,Bogota,oro
2460,Cliente2460,Bogota,oro
2461,Cliente2461,Bogota,oro
2462,Cliente2462,Bogota,oro
2463,Cliente2463,Bogota,oro
2464,Cliente2464,Bogota,oro
2465,Cliente2465,Bogota,oro
2466,Cliente2466,Bogota,oro
2467,Cliente2467,Bogota,oro
2468,Cliente2468,Bogota,oro
2469,Cliente2469,Bogota,oro
2470,Cliente2470,Bogota,oro
2471,Cliente2471,Bogota,oro
2472,Cliente2472,Bogota,oro
2473,Cliente2473,Bogota,oro
2474,Cliente2474,Bogota,oro
2475,Cliente2475,Bogota,oro
2476,Cliente2476,Bogota,oro
2477,Cliente2477,Bogota,oro
2478,Cliente2478,Bogota,oro
2479,Cliente2479,Bogota,oro
2480,Cliente2480,Bogota,oro
2481,Cliente2481,Bogota,oro
2482,Cliente2482,Bogota,oro
2483,Cliente2483,Bogota,oro
2484,Cliente2484,Bogota,oro
2485,Cliente2485,Bogota,oro
2486,Cliente2486,Bogota,oro
2487,Cliente2487,Bogota,oro
2488,Cliente2488,Bogota,oro
2489,Cliente2489,Bogota,oro
2490,Cliente2490,Bogota,oro
2491,Cliente2491,Bogota,oro
2492,Cliente2492,Bogota,oro
2493,Cliente2493,Bogota,oro
2494,Cliente2494,Bogota,oro
2495,Cliente2495,Bogota,oro
2496,Cliente2496,Bogota,oro
2497,Cliente2497,Bogota,oro
2498,Cliente2498,Bogota,oro
2499,Cliente2499,Bogota,oro
2500,Cliente2500,Bogota,oro
2501,Cliente2501,Bogota,oro
2502,Cliente2502,Bogota,oro
2503,Cliente2503,Bogota,oro
2504,Cliente2504,Bogota,oro
2505,Cliente2505,Bogota,oro
2506,Cliente2506,Bogota,oro
2507,Cliente2507,Bogota,oro
2508,Cliente2508,Bogota,oro
2509,Cliente2509,Bogota,oro
2510,Cliente2510,Bogota,oro
2511,Cliente2511,Bogota,oro
2512,Cliente2512,Bogota,oro
2513,Cliente2513,Bogota,oro
2514,Cliente2514,Bogota,oro
2515,Cliente2515,Bogota,oro
2516,Cliente2516,Bogota,oro
2517,Cliente2517,Bogota,oro
2518,Cliente2518,Bogota,oro
2519,Cliente2519,Bogota,oro
2520,Cliente2520,Bogota,oro
2521,Cliente2521,Bogota,oro
2522,Cliente2522,Bogota,oro
2523,Cliente2523,Bogota,oro
2524,Cliente2524,Bogota,oro
2525,Cliente2525,Bogota,oro
2526,Cliente2526,Bogota,oro
2527,Cliente2527,Bogota,oro
2528,Cliente2528,Bogota,oro
2529,Cliente2529,Bogota,oro
2530,Cliente2530,Bogota,oro
2531,Cliente2531,Bogota,oro
2532,Cliente2532,Bogota,oro
2533,Cliente2533,Bogota,oro
2534,Cliente2534,Bogota,oro
2535,Cliente2535,Bogota,oro
2536,Cliente2536,Bogota,oro
2537,Cliente2537,Bogota,oro
2538,Cliente2538,Bogota,oro
2539,Cliente2539,Bogota,oro
2540,Cliente2540,Bogota,oro
2541,Cliente2541,Bogota,oro
2542,Cliente2542,Bogota,oro
2543,Cliente2543,Bogota,oro
2544,Cliente2544,Bogota,oro
2545,Cliente2545,Bogota,oro
2546,Cliente2546,Bogota,oro
2547,Cliente2547,Bogota,oro
2548,Cliente2548,Bogota,oro
2549,Cliente2549,Bogota,oro
2550,Cliente2550,Bogota,oro
2551,Cliente2551,Bogota,oro
2552,Cliente2552,Bogota,oro
2553,Cliente2553,Bogota,oro
2554,Cliente2554,Bogota,oro
2555,Cliente2555,Bogota,oro
2556,Cliente2556,Bogota,oro
2557,Cliente2557,Bogota,oro
2558,Cliente2558,Bogota,oro
2559,Cliente2559,Bogota,oro
2560,Cliente2560,Bogota,oro
2561,Cliente2561,Bogota,oro
2562,Cliente2562,Bogota,oro
2563,Cliente2563,Bogota,oro
2564,Cliente2564,Bogota,oro
2565,Cliente2565,Bogota,oro
2566,Cliente2566,Bogota,oro
2567,Cliente2567,Bogota,oro
2568,Cliente2568,Bogota,oro
2569,Cliente2569,Bogota,oro
2570,Cliente2570,Bogota,oro
2571,Cliente2571,Bogota,oro
2572,Cliente2572,Bogota,oro
2573,Cliente2573,Bogota,oro
2574,Cliente2574,Bogota,oro
2575,Cliente2575,Bogota,oro
2576,Cliente2576,Bogota,oro
2577,Cliente2577,Bogota,oro
2578,Cliente2578,Bogota,oro
2579,Cliðß©cG)ì‚tbð%aÊÌÓ„·Å1NÂ¿Å…Y”¼g²oOË‘8È’¼ŽhpŸíÕë?Q :úëÿØùiÈ×šðIó:yT7côé9+èÇ³¡·Ë/Ä“T0n=¿oq°Šòw
7ÛhCkV˜lÅY:\“+¸38‚.}æ1+Ùýc-Å@ªU@KƒLšlœ Õæ0ãnÀÌ3P¹IMw5¢êÂÀæ}â¤mDZcœ‡žÄåaKy>D‡,È~°U˜yCT#+Fç£ŒµîŠF«áh +€ø!¥ùx(A‹#’Ÿ0™8e­½oä7ÀãóuÈ3 ·Ê?¡¸ýJ˜•í.5*€{6‹$WäõCNìu„ÜþZÇ¼'\ßïï‰‹2óAI¿Ì²t²‘—E\)b{}'ï!eu~Z‘ÜPÔHF¤ÐöÄ&˜nWæç€.gŸwàâ¶-í[=¿ëÒ¹]Aø‰±Ëq’°ÅBJE6‚d›ÖìiPÑú‚KKa¦å„ÔçCº’ˆÐÃf“¯û­öÇË`üSý¡v¸)aI}©.ã‰vßÒ!	c?˜¯ÐÃ¡`|¤V_¶ü,Œn½cÒ’¹”ÊA~f±Jã#Nx”†î’»ÿ’â=‹ÓQzì`ÿ9j	¿Šnç¡!°Û¡ë‡óSX#*IÄŒÚp^â/X
<•!Ñ Í/}B+õ¤á©»FMîI“‘’ÇÛQôñò×%Û†ˆ:ÞŒ}-ŠÈî"¤Ãeêhê[Ùc‘£Ï@ñ"uÛòü‰ÌÂõ£h|ÉßcØ#¢EŒ(`ç¸°Ñü6µÂ÷`ãu*>ý¡„$å^Þ]?ïÿ¸4Æ_·ÍòÚNyÇ.^»œŠh×ÒG!¯è
$¿ñ†.8ÛúBàó¬s„WÆø<_»¶¥oà¯ôÛXÂdË¯[Z‹Y—0+ 4ÒÜË¶ŠÎ §¶>çPõº‹ÞbÕg»ûö©¸îD³KÁüjsãÊYesÊ«!Ó/špñ–œœT(LòèrøŠ°nSË*¥.õä÷ë„Õ`°¶Nåy+‚¬y$úö@^ã0×_@ç?U1ºW`»QaŽ?~<:I
[åz¸²ÂZK¼¾S:ÓIH¿ôˆ2ÙŠü¼²g×žÓº
lé÷›áVFý»{ÛíôEI„ü»7Â†Ðd¸2óweõƒ•ï±ÞÑ5îb˜ìKüÇåö©Ä"†–¥í-±‰»ë ¶ü,Š5ô¥æ7ÀCþß2×¥Óp~·…KÒÕA`ÒÝ÷ñ‘,Æ¢“L1?°Ý<wlö®LÛZ$†…ß,.£±™ ]õ*1îåfA'hì3™ŽuWvUAþ°FRÅT¹cHßLlÑÝœñ³óØnj?ò¯Ùžó†HÃÇŸ\Ä,-Ú†’ŒÓ/¾Ll¦ØT5.
o¯¿‚ïMÍE)îæ>ž#¹~v êIC(S ¾-í6íï™’†Õîèˆäãþ!€æÚ¸³lÇÅ:Æ qšgŽ¥ìRY8Dl™Œ¡C\àµ©4©´?@zVðzshàœ	‰¦NÛÇ¨Tj¦2v˜ïY3â?’$]K2qôãwXÊõVðÜù¶»ÚMˆkQ Ÿs¶=(³Ð-S"Ùe÷ŒÕ	=Q	-2kÊÇÈ~Ab·C%A~‚MS¦iÎ·b«½ÌmqF§™»O–f]ÜS‘³hl\hy¶Þ¨ŒÞ«“ÅX§}-°£Ò‚7òÇ3Ï‘o!}Šz VÏw"jAœ‹åWŒ«œ3 œìøbX~Ô…¾§ñË5niÖ¦ò*êLª‹Ô´æ#¥&(s2<B›Üû`š¶Šûâ›ª6œ\}Ž,·<|BÐNMw5c?@c±$åë•£5Â‘)Çù3 .÷ßŽ:òÔë;bf“ÉlìË*ùüb×oJÿƒÙ$ ñ}47áž›SÇÊVÀªæ¯ß¬‰—šWÉQŠUÉ'¬!¦Í¡÷ùfðàì±ê‰¡Ò“¸–
h¶’Ã™Í™»¸ß²ŠÀ{*xÈ‰þ;«ÐR	%q@â¨óSÈT})î$6 ôsÀûøªp*q¯[}¤˜¬ƒˆÚ›Tä3QM8g	:’*™º×f¤+-^ÍÅïMç2½f´¿O0s­Y	x’?7°S…–AôT}æœ¬îñ'Þëw”¢ÜIÈ«T,J*6F³>ô '†!³n(]¡5œž½´³3ŠÑŒšáê…Ù´S· |Q=cB‘Oõ-ŽHôgËÌˆâ¢GBÍËÄÓPª/ØQîgýŒb]„bChÊÁ ÞL/dçºÄŠ3t1˜KºFá•ºk­UçZ¬t‹l§Î]Þ 
 ®Îp°v_lŒb×'£ýßb_®¶Ìãý›¦Wïj²2M°Åà°­Âä%Ê]x.9²úá‰põ-þyF*Úö>EÏØòûæy’³†Sî“sÕ-ü÷ý‡Ë¥ð%'»~œ
µÀýÐ*†WÎW~	”KFÉ?5˜-,48mp%Â³™Tù$3Ås§†ø-…šF¶<àGˆü#EÍn+YµlÜ }>Ò`üòuÑå;×RHs¥/GŠ°L@à¡¬Xpae¯œ/-’À©(ø¤·þä¥%ì7^CŸüqˆ=ÇÓRÀ!žS.yðÂ¬²ž`+õà©1(œ(‚=ªT/œIªà$ ××%‘À•}…µ7/¼º±©ÖàøƒÅ8ãäPZ¿ŸS\áÓÝ›SJæÛÏœSq®+ÖÙ)%F;ùç«cäR÷OŒ¨´h}Š ›:8…L`o–ÔBù¥kÑe!(›ö+¯FYKðþìŒgÙiãþU¸-ø/»~u‚çlXKVèÐ.Ã‘žàSŒëˆÀY„¾žœwßÿDC¥ó]$ž	.s-	­n¸“Y¨?ïæýyhßòªùØ¯ˆ…;e»£é¤¡†lÀ·bÓ‚ØÿP“3ÿ’¤îã^<_à¾ÞrWî¥l”qŸØ£#ô´µÒ9Vµé[[·W0Æ$©ªOnëñ@^òüüg!¹™n@CSRTH¹ò%²åTW)1=Ó C,‰Ö¤èÕo+vHçd€±g2þ¨Ÿ•z&”}YA5’As(´.ýò'g9	Ë¦ÿÔª­-Z73«dú´þ²GÕŠêÄó#4×&[”Ðú‹
Öè¢k“–°þŸÓ1Ö­Pòx¥kíÝf éÈEï÷#°g_vÝu3ýÊ
Ì¯j=Yœ BÖÉ¶¨ú0ŸÊZgéÀ§ÕØoÒç8¨ß”°¹H„ádö)s"(Äú©ùr}m›,-ÎÇ!C¤èçy¸ßPª™:Æÿ_Üöëf
ÌŽ€vd®µÝûÏ5ÕSŒŠ½6†7¢I1ñ'­*¤UŸÊþÚžëõóò[#áAO~SèÙóÎ{*Mi“}¹‹!ßçy^HÓÞáÅr=|W“xÍ(ß7Ï‹ÆtbQ]4RŒ¸uZbZ†F—nFŠl38¨»ÀÖMRâ_ÉnT\:—-%;FYbBJæ'§ª[qøš{g¡ƒ”ÿÊïÏ0êÿ¸÷“RÒÙ0	ãÃŠžöë›¶"ðÌw:R+m¹ß>sOvRÌÀd÷ôãSDx<¨w¿Ý)˜ˆ3é‡("{èj‘¹C`ŒˆŸ‡1¨ƒžÕ¨(õ–h£xâüP‰šºÂ6)Êl:\ëyÍ¨rqåZZ$—8s¶2ðyi*þÚñ‰Û0z+Êœ^ª'0°Õ0Ò™X92R:¶º>Ê½WÃI?ìT'¿nz_4ãùâl]ðm 7éŠ ñL£]Ö™É>”ÊÞMf/:ÚÐeS‹¦–ùÅÃö)Fy¾ö¼J¿À±/îÚÑnê²d«—¿á(=…Ô}þÞøb‰ˆD& á÷ÒÈà3cÖ™DãZâáj°å©öQùò7;añIpÑÿs%öJ³~—°ˆ)ŸV?qÉsù¤V`ò6|(uxŽÕ,ô`/3g<ø4f#ŽÝpõå‘úLžÅ¿#Xú£(Ò@öª1\y8rë`åÞ¸ÝÕºì~ŒÍ­4|ow?;[]³#óò¡T'MëL¨Ûºu‚}k‚júV)šÄŒ=ï…¯§…î hw}þLí/6§µ,p|u‚~iJ¡žþˆuÐ‡W¬štówVNïAÖ=^25d¤ìÇ=ŠíFŸ:|PŠ-CX‘hÉÅ‘r5è2oq8˜Ú,ÙòÏu£˜2 lùÌ?ƒŠ6ˆ(A@ƒò¤Ý™Ó{;Ïæ$Ò{Vi8Ù¢-@Pn½ŸšMÀ°®ÁÞüe&ã©Ç¥ö—1íòÏcÃ4‹Þ†éý“#ÅtÅF•ñ CÇbmU¦á:uî™ÉÔM¶zî¼u­÷%à é|’'L²@(9E—Ì ·³)kÎA¿Æ[
Xˆ§ÃZr·`Þ¾ö ú_L$Aâ}‡CÇç\Qt±@17}B½%'ˆ^8+Œ'ÐÄÄ¨×0|çˆS¥…¤óL–Ö]ÓUŠ6<N  =ö [¦ð}¢v©(+@SÌÝõ:²w½àÖ=.lŠô²IÎ(Wb’nÌ'È»|nu!Z¡¯1dU‚V“9"”Ðu7•$™A’G.áBÄL>•£9¢ÛÑ—è‡RÂ}5sŸì6/rÙ.cZ,Tö¤þv˜h…MS<n"Îl'Å/½oznçé‰‡yV<ÅØ˜Õi-(:,&;¤·H…}éùý‘{ÌþáæBV‘ç<øÒ;ÃÊùé DèBªÌ<™ÏÔ8Ãå±tM.:E€­%ì+!~¸³•?ÂÑ»§G?“Òû­Å‡¯g¶Í~2ºä¨òI~ÀÕçèY½êõS¬_¦òÆŠÚ‹Ðéªv
#F$ûêP™iU,låÝUÃôÈyŸŒg¿L¤‹ì©í“ƒY)Ÿ=­¼¤q3ðÇ½xÅ^aŽV#ÏÑp¦ÞÛñœosZúÝ‡ËujTþ'S~6	›óç0”€&Ê-/ÏØÿhx©Ã®w–ÃU°æZä»"ÁŽ)AÃ
Þ-Äff	?à$s$Ý(ËB Lq· K…®I‚2¦þ¸Áæj8_zsO ÏNmÜÅéÀ!ª" &N`ÂÓai,ß•ãÏucmð°Ú{ZÕ*õÅRïz?çòþr`+´À)åLŒg©	¸1ŒìÉ9œ $8r3ÍdÙDò@#ðö!Hµ³P•”ÆÃËPzÐÍ„±zf÷Û¢¬ì2§ùrÛM+@¨P¶}Û6!<1²Ôw^Aq+¤4lDþg‚¢¥§s`ý\	„»ÕzòHÊ•Îªª>Øñ¦Ì½æùâÔIÇxØÏÏµµ¦-¦vÏÑ]Çü,@–Tª5 ù#mæÿ±5ÕªÖ. ¸–ZÓä,h–^ñšR‘Ñ•4ÙÍb°^dKðRºÇ¨$äÕv0ðó1Èr}…ä¡±¥ÑÌ4FÃ+üÕ`t¿{=ÑæŽc¸`
æ^ö{9${âÏ|KµiNr¼Ì§2ˆñù±Âö’MãñuEmwõ(ïêþ¶†¥7S+WÑè_³Kôú¯kÅm-±&;~kè›Ýn›&OÀXànEÌ
+_2ð%‘Q%{Òk…Ñ’Gí<jwQ&€Dîüb[ÑeŒlI?·„^ä+.,=»D‰6CÒ+ºns©èw‰Ð–SÅL7x
™N þ•“uÚ&Ž,"l¶h+Å*PD>ß®›’¥æfJ…«—./r ¶ýù“Ò"3&½ÌyâHiÖ<©Íý.ø­ÓSÉÒõ&CÒs!E"S+[þR3Ù)µYÒ¢a§t^ÓÜ]ä,½«nÐ(lYµÊ±iæg"ºa½É¼y_kðŽ_ù<’õ5ŒBÂo x.¦oIYnÐÆ BKí“«üh²œ E>È`:& 8bä>`Ä•uç	Ë ¡¶Ûí>–Uä¤xÃ¶jPí¡=AÞ´üH3ZÝÐÌÎêªÓn…Y :uÉÈèÏýAïáÇdØË…Cf%X¹,›U:J™3«38©õÁAk±~#tYä0Û}!Z¼ðÃ¯þ˜î›Ò/y’îÓÚ=ús®®c¨oQ»!¢Í†žj!Á¹MåÕ¢4ß¹Ò4MÂéf”Ä }ÑxOþ˜}/~)‹ê¼1&âYÓ»WzäSaG‚ß¨/mtŒYl”™eä5B@©X°Ý;y¤¿
…0©ß<I“ÙüÖC&˜ÑÖTœìà}âgÐ_y-ÜØx­­!…yÊÊ$¡ÅyÁÎ'b|†¶ÁÞ«_WâþÅ+}aõYºòfÎ¨\êZvÌ1ÜúRkr&¥ÄDJÕ¦ôf&‰÷FòUñ5b¥7DDÔdTºÝ¯3¬#Z„ÌÙD!¸j¤h Áït•YÙ-Ñ×¨výŽ¡ësÂ‹ÅŽ{ä÷¶	‚uaÑKÒ­{U@ÿ©e,Tq
òvk41Ã%½€µ«ò“Í84qåš¶¤Á ¤W	åñGe^B•Â YÞ‚SÙ(é½¤!ËwÕWÙFRÑÃ„\('{[ç0~\†¿!ZW^è¶éq¼Ñyç·§Ív í…2ÖwC…uëpJ€Å,yðb¡IšûÈX=,1M•.ôó]œŽé~S,¤¥Ó(TSŸ =·õÙýá»
€};^½žGm*‰òZ;dˆ9Ú.žéBÛÌ¹[°8!æÝý/®2]¼`éƒÀNP5ØNd»v9Y°øS»  °ÉF©fÙVú;øçmÃÝ³¾šø’©µÜç™ªŽc:oµT7ÃAO¼’ìKÀˆ¨%
.mA’„jgé¼ Ú&ØlýÆ\!÷æg-5J$~z«c›eAjå„rb-¨±µÛó¼XÊ®ì"þ_ÖäÐ¶‰Ó
YH@\Æf08åR‰Ž¨’æø:U@b*«~
…§#«<LJÈ×È=ç¥};Z‚· 4 5£Û°4)AÍDO\#ôÚi·6hlœ‹Ì\kz#„=ògÊ7ÉM©“ö¼¡œ]¤eœFYöÑ×üRGþûeÕÅŸ×óû3:™Y¥{‘WzùÄv¹FHe’º‡ao²È]·þ‚)èÂÆñ#OŽ²"ýaë¿:èÂ{QƒUÝA^8ŒÌLïšúØ;p;_?Oê64½b¡ÿ8Í†ô|ü–
šN¤ øÐ3z–~©Kq\¡ú#OK$)6àãS°¸oË—ò‚Yµ]4Â¸btpn<°ü£@Sûg6çjPj¹eusàÒôÿ<”iù,êâ‹o|c'<H^TPñ9–âëoqZvß(d­bì%²V#ÙDWù’ËXU¯%†}.ÝˆP†‡ R÷r¤—ÉÔ¯9X6ŽM\ôÊãkž*…s·ñ—¶ø>^¡Éê•iã¿è©<6C¹zû
	É—«bZï±½/jôTEo9³ÁM:$Õ¥6àèŠ}PÙ‘ÚÌò k‰þk.1ÙQFLU9“ÿÑ€Pj2µ¡Bj‡³
u·xJðCP(ïODÓý­IçôxÏB{Ž©L¢]W…©7{Ž›g°Êë;›˜oz^ÒX¿ÎZÛgßˆàƒZB¼L¦MÛ„?	%¹×€9þ(›,˜O-PäôÊaqÂ]xS‰‚w:ÔS†¢· 2¤©Ä	/ñ¥å[ÐiùŽoøQ‡6ÙðÒý³Ó5Ý9Ÿª“MïJ3„ð“Ûõ&ï¤‹V”4V!œÎ.Ã{ˆ*öé§hiqp¦®Sè¹Ó/‚³HÇ`s©Ð”K‚ÁäÎ»³Ú±®ó
CãûÄ'£‹Gxã¥GÈ=ÅÊÒ`Éøž}ÞW†ƒ*Æ&¤@Üé|Ià™ˆÖ®á,ºÉqü—ÌÞn©çüä
~P¨€9©‡ÝóÅ´Ôð+H—`9§Ì=}€tÅ5Ã}ùÜØ².Eé<a{’Yð5Jxa«ãV“ì¸p™ÜÈŸØøûÎj¾BBÇƒ
+œg6¹GDLLÞÁç°]5EÌ†Îí—	¯õ&9Edªd&‰ZÉÐw
D.›Ì¦*Íy~°Ûph'lb|éåwb¦ÅÄé¼´J‹®ó«Qd7µ ²rúU»‡ÆVûÇ ±B±nXu¿å¬ëXãwÇ« DÞÏ²\¸@Ê¥ÊSÆœ©¦åè‘Æ±ÔÉÿ‰?\8‘-I(w±ê|÷Î«ç°jsÈtQ•Ñþzò’«aù_
À*2á·~”Lg¬¹—ÔþCDÐÏ™a˜´§•ôjYíÕd#Á{4³gßÉþüÂÂîÄÝVç‰ëÔµ‘£0@ißZˆÕÍÊàHþµq5Å‡$gÇ1Ù§/,ÐìÖÎµ°¸}³’ IÓ¥]¼Ï#†kÀ´ñ@Êf§+ö½“bÐ?˜÷øõÒjlsoˆT]í‡ûrðLZÏú… —ˆò nÿ9€³3‚&~µÑâXà&Û½¢V»R¨æ˜/«+<ê)12œÿ¦…lºÏ[=/EËlpÉŠ_Åj?H¿{ZàžiGâA_®†FNÉý3§òîPæ®7c‰ý}Wªgü»{%ÎŸj@Â
í¯Å ³?PÿQ“v§Ž òTçûñuØ¶ÐÚV8S´[A«L1’¸ˆ[þ<ii6µÁœÉë“pÅåXŒì~¥äÚ£§µ¢cM4©ƒ4Œ¸{l^ø‘'³ß®·i uHÎEt¢Y³¶9ôð”Ã¢(kÓÙü¾­–žŠ~äŠldú³Ä±!@&¬cé³æÕUIó§4kæìò*%qq¡CiŒ\f2ÈøS¤<7@ˆ&D2Á¦Ä:@¡£Ž•êzÊxÂxJÖgó ŠÅ“Œæ¹R¤ùó]IñI?0h¾ÀB Ôà|~iÞ#
BYÖ_«ˆ¥Aí9¶	/ÕQUŠÖôr}/Ða GT¸(
É8`ÓxHÇØc‰RiWb–uÖH­¨¼ðàŸ\¯îµãä³®ý°OŠÜÛ~»ßv1i_ö»à5‘9nNP­È.æ‚£.‰Š*Qçú¾Ç¸BŠŒ«Í}~S£Üé»	 ,FL^4Z­ˆÿÌfêDÒT¸CaÀb=b¡b·:<ÁÝKÒcæOãí¤h¡Q\¼#´[lx¢/µ¡¡|ÒC˜¡wÅ
õrEç"ãD¨Û>2D§ó€Ã{HƒåÓQ( k®Ottæ^`¾Ýô"Ï9oßõ¾²í[i(ò$›éáõst²%¡fí"|ë“@ÏFªá¬ÌñY:DòÐ¶cDZGå·ûÕ¤/Ér²C’F:b;ƒwõ­ÜmXßÈ†WýáÀ¶L%S«ÏmÞ t4X*ßYLE­Ð=©“;³åñ£pÙíËò´ž‰%+"alÒÀmþËPÛ9êwx™Š5A¹Š|›¤AÂ/*Œ®@•«·gÊ/ÉÝŸÈÌ†	ë6™µ|þú»è6ùbÉ 9„ógXA1’¸†à’¢qV{ÿtW¡ñÓ¸ã-“ßUE½ÏçÙn¤a¹Jvq¸%h/®ø…ÜºŸ¾Åæº.cŒ‹¯ÐÕ-ŽÞ)i>wÚ¼“0Òú UC¨ù™)Z=´àèýH@lI'Ò÷-p8ê4\ý8
„%q£¡À*Ê7fÊ%Û…¼
-ÖÛId&ZÐ‡#å±¥Üé'„Y&eŒ#¤ö`¿ÍŒU‹–Œè‚Ž(òñc¢Ä~kbi8€’>´KÇåq	6\Rêšá)x/CèÃ•­mJïË"Ö´ümÏ×5Z´¬@‡–M=RCñåá‚2ÙK‘å‹$ÇuÕ5^Ä4ŽÄ#ú
ûá cãï3Ç·]Â»ßvó÷¦©åJ¯éR¶Ý¨o¶²¡Qiª ãÑ•Œ¦ðh1S¢|›6‰YÖ¤ Ð^a	¼?ž*ß÷Ä¿	ySÒA:¨Vhð.±iS"9±CB~èþµ:ú¹”?—[rÛN‹ 8·K°Ý#–fq5I&±-ž-ò²3Åáˆ­çX~¡†?¢ÙÞ¿'Ø:w‰'æ¡ã^óg€í=fH¡¹4·	1MÅò7ÅªÛ#Ô6T˜…E‹¹@Xk<
m#öË¸­"<ÔRÀñÍþHU—È"¾4AýCNÉ^~»Þ;÷znXQmÜe6ÔÔÔÏ|4eïŽV›VV£•[œ{PÙ)Fé>Ùïo;+	ûÏgN!õ{”„Po»ªìéµ/ñðÃnƒgfë‰öVÏW‚»
N½h‡ña€b|qÏðøÈ· ÝÐ@ö´:Á¾D“ÿJ­¢¤S—þ¢WXÑf(ðM¡•ºHœ‰\&í:ÀDÙÎÜõ–O†9n“°jº4ôK"æ6ƒMÞ‰Ÿâñˆz¦T5Fu	kp‰áå·µÜÛ(§Ì'‹àæz'‰]{F¡î§ŒXÜ‚Ñ’ß€áO‰g„´âù@C/þñ7ü·o aT8	u[æÀæÖhƒÕà^#g/cÜFQ5>=sç…Ê/— =ð+#IÈ…”bN µÍ ¿à“cšÒùU(úK&ê$ÐN}ûÍ³ãp6×C€Êµ4}ŸÃÞÙOMUU&zYoò1æž~ø¼1>Å—!½8ùûBñQ_'(êæ$²ª„¿>ŠSyº½NÞ_ÿß¤€ltaã#È ±rš¾à+ôEag:	þòLÁUóŠ~™­Z±üFh
ç £Ék ýÈº_Àeæ/ÿ‚mÖ'q="ÊáxXã„6Ì¤àarÈšLÍxºøÖ°O£ºpp|pÓxù‹sãúà6Ê!81´<6Fµ´í˜£®ÛY$¦êpIØ…bª—;º©èÈ€•Ágž:áý>0‘b3"ÁTk6B åw‰0àh±™Ý¥É´"áö2ÓJl×û©Rø[>vµöY°÷X¸)ª¤çµwÊ.E<Ú9¶±áÀÜÚgÓùÌHƒú@SQwÙ¤Xh5Á9¨µwÊ,r~ ŠŸ’&BýlNÖñm¨Ø@2â¨Ù8Àªp¤6 í"ÞF6{z
8³çŠ·áÂRÖÑ×Rf[N î€”ó~J
Û4bpÁ‹n£g1ªŒá`#ÔÒEì!3ÍÌ»¹aÞ;©Mªcpë‡4^¨£LÏ1¹|XpK[*˜Íe9øàI‚Yo7•w¤p|5Õœ_äð2…»#ËEòË§¿äÞå-H¡ù}Ó«÷OHkW©“’Ie®0Â<ã÷Gá:Z• gz-&ÎêI‹’bh“ÑÍjg˜}/>	A­oì·eñrÙs†|–V†f]Ix 9˜Æ÷¡¹þOÃ·—ãH=Â6š%Cqß(eìnÎÁ»ÏæÅÃ¡ú`ûQ.ÞK^æ_Á{’Çê÷O|¯:â—©}Äw:s
ªÆ2ÉfMemiw9E{¿uù®î¤Â¤\Æ¼DL4ø$°Î’,ø}®ÁÒ›æT“Y(úEõ%W? óµsò)ÇÆ9ÌÉÍ®ÝÙ„! vzl|%Xé$Õ‹YúïCW«Bî$‰±w/'žCg¶èA"¹«ˆìoÀèÆÌ@8ð?ê‹Uþšõd±‰¯áJ‡F€žÒô`„pŒêšS!æÎ(¡§è>ePÑ¹êàŽ]I…Ž‘¦@Ï8ŽWDíµòkD Ü‡SD©¿î/¿¶…jü,p´2}–¡cxGå|à)üª­78ÐSŠ‹íþ°• j¿)(É#T0H®DppVåÉ¯¢%ß,ûË/GWµx¯®%…CH#°|²P&`mµŠO†¯%«Ðö:!L@JŸêð¾‚KéÜÔ¢È‘z)Þy“hþ™x×º4$Îƒm~zµÀäð@ojEý "b‹Ã·¼õ¦Í¬^¥óQ°+´<ÀÒÕf´í®ÌáØ°3¯šÎbð®+³y¾ž[8[²S×˜”,Vñ=…­ó,;fA—’^Ð8Õ ˆ¿</P8\u_tO´TzBWákÔ9R¹R®&!ÉW¯ŽlFl¡îT€íæ3,&}ÚáTcýµ!mstv.FÄ*¶†ä¢*Rx
§F½+‘,U¾=aÁ¡[Ã€ˆ—­P·vú±-ŒÓöÅþ¶¤ÅRØê9å·§žé6mÀzÅ‚ÚÐŸi¢Y;‰çÛÓó|°{†žO²sÀu?W  M9|y­^1³¯hq'®N<éüÝ‚‚$¿‡:É¹AQ»Ù¤“e²úŠ<“JNHî|Rk³‚rjE·ÝRn½AÆtèé	ÕœEÜF%ÈU”ô˜wV\–Ô+UŸ¥8ä;¢àÇg®U!7Bÿ\°\¯¤Cê_çÜÇÝÆ²è>ãèþ …PŒKµá<uEzåÀ Ï3E"þœäËà€åÿjúSõAû‚4[öpcmò'NY<þÜvªõÃ{m×%ãaÕcU~ÝáÂƒ6­ä_Ü_Ù_¿AÛ?½Ãfy@°‡–UÅ‘Šî5ÃN^{!ŽâÑ´ÿ¦Ø
‘
{ÄÿìÁèÇz'áÜTþ­)Ÿ+Õ<¨“û	cH”®â{ãlü~³O8ybDêºrTxkØË0/SÖ_Î@°}œŽÛ<Óºì7] ‹mÔj°	iZ™FŒî¢Ý8­´éØõ àÕ±¨Ïø·9V™Éà½¹<*‰¬CÈÜ‰Ý±‚»»ð÷½²k‡Û›h @Ùö•´y©oŠÚ6ø.e½ÿ
±}{­¡LÈéŠË±@ˆH ÿóÕF~¡x.vç@v/åN=KÀž>T^É´G/ŽæÏ\#U!§ÃLk¥˜©³rùlpdå°:MAo=zx.ÊƒßèÖ~Šã©­e]CuöŒþHn´•'Ô`ÝÉ´O¦®%š±Uó•vmä“µ;ÛfQn2º,o¦j´2’£ÇJ€•¡vsGÿf%È#s˜•J(Za2Àý“×«(qÖ;J{;#Žu)M¡ÄF…v3´I+^6bð-vµ@ùPò	OÞI”4kgÉ1äÐ„ŒÆÛÓÞ˜"b°‡9Nñå^ ËÞËøç–ß>;7’êÃa«øy+˜ž²EÜˆ~aÆ#Ç›9¶´Qo·Zº59BfÌ=–´9žc"]~ªÃ£W80›V/ô4>¯ÉÔB‚±¼Ø…ê¹ï‰dÝ¸û4©ÎÕl×»÷1¢Qô.#¬'S)…¹•ì`ôÅö´ÊØ³YÂTû,Égóæo¾t+™‚>n \hÁàj
==Øeç§Ïü×24ˆRÜšuæŒUø§UHô¡‹ÑB™»¡ù©3kB‡ó¤ÀjÓŒ¯®÷(’‘#–‰ŽåÇZ{‚úDa¡ü„¹!¤½< †‘€ò4rJeùQÎ3+/¼2Åü©¨¦/Î¦UþÊ»àM2”qßABþ._`JübíÜL¸N½Î:²ÊYŒ™ŒÒöVXI^ðx¿Gžöƒ™ 'áGÕ7`@ÅaP5/œy0±(}ñ¤:097ö	%ÜÄhÄ ˆÐŸRý¥‚Ú:§¾þ{×~…“wÝµÚàaï<BQû€¶©¼:[A‹©.¼Â2ÄÜY©ëù7§î(§â’UPÙ{ª¿TdÜµ‘°ò/Õ¦óÍçè¾¸ß\`'æ–ÍâÁLJd±¡w”jW@m<û#*xe[·é:®PŠ"† •”¼‰]‘­úËâ«AË	ýŸžþ8ìî½cOõçD•„-V|¿p­ì±¬q­ÖFãºÕ9K6´>~jH¦Fy2ùtˆ<tCÐuÕô·6Bà’£AãgQ•úþˆª]áÚB¿#“^,ražÎ²›óŸÉ¾á­_y] Júë¶q"ÊPlæ7…ÈE¾T´<ÖqÒthvW.ï£)”Êt¸dr¼Áriµ¥Á ¸ì\Q51í“cätÑÔ$-Èx(Yl)‘åe”sª‘jW¦a­üTC¢7òÖÇ#¸²õ¾„›VÌ”+á6¶ÌY¡ª6·hvˆók?ÒÖÈü0óD!}ÞT-—v³±3”ìC%ÔŠl°Ò›ä•QŠÎôAçOgŠx×2ÎÊ³61æ›–Bã6/•ð4…?!+nú3€‰¼@;«qB÷^¹þŒ¹SªÃùkKA¦Ï«íêãˆý°âY«÷®øj… Ùm…“Ãµ1ø¢:Œ”c&’VÈG°/æ~ÇmVïdÈóîù»vŽ3Á"d4ö/iú3¿3>éJl
8™ÌƒÔZ^	šÄœÂ…ùKâ|X{\Ç?é‚WÆY†s§LÒŠÉG9<•i:5çÓ]&¨„_©×kR‚¢íNô'wÒs¨ø±Ž‚A{Kù$XiÒBÌóè{±Eÿhð§è¶TòÒ¦ÅÉ*î€ $×‹žMÍ ñÐ÷CÅ­ÉŒ;ö'ŽžÊH§äÔZU
bƒ®’<3ÚêŒ$}q7xóïšùž9åÛÖ Þß4c«Áx:¨œ(Ì-™ËPØ®~I’lÿÜJ—(ô¥ÎT‚ö)£RX)uÒŽ`¥¥œà…ç!dž>{@$¦™
;øžì?;Sæ»ÉÖô±)êBø\ÄODá¨±1ÒÍŒ½ÐpC]6rsÖøÍäÈS›”S½ëƒÓæqy+oñ­C ³êhô•K“à ÈjÈ4ÏÔŠ%‚ý£7”n¨q#b9aoÆ¼›šImMõÛõ¼%.éÑ[	–´Ôh¸†}Ó‹Ìúç	hAyj?kÜ+Øh½“íð©ÿàç¿Ó*×ùÐ™¯éÊ¥½*DÂ’L â Å•¶ÌŒš¤·w†ÌU§(	Ë¡€Žï"«ç¦o¬¾ÑãoÊEOÁæƒ	Vjæ€ºìB•9ñq)³˜å…¶[©W[peç-î€ÎrÞIeŠºWUF|/æ÷ó¦Ý˜®†Ê«;®ŒÃÔIÇÑÝÅïÜ¡,lv"üJ Æ£¤ë‰Ì
iÌBáç}S ŒŒ°GæÛòt¯%0:€ŠFþ>Þ/ÄæóÖí7ÔQ®#oSS8ïZþ±Ù›8è­°|©÷8w×Û~|tŸ	¬ ]5i5ô6µäý4ÔGÖ4<K—œÏŒoihð„Æµl$üUÑ®òJÉÝ’ÕÜÌrïÆEÚæ1üŽpÒTb/Nq¼‹Äçƒ©}™nëiB(CÜžÞÜT_ø>‰ÜF¿&æÂåXì6”kò‹oôQÏôÀ1VÆº0M:pLÅ±V²nïnUõ›¨¶A_Äð×ô_Å,m92	“5šPGížêÐP¿{wF£]â7@Wo­%•Mð;/Rè*>‚>Ù!qñµ£'A¸6_neÏÛRåMÏÄò8#ÁÏý[
=/.` Öéc@fðóZŠ{«ÀÔñß°Ø‹øOB¸)ÅEÈîp€"Mìã÷ƒÚF .Bì(öÓék¼@«ÚŒ<ªO%Gà…47@­u¯ò§§¯ùÇŽÞcÔkuNÏmNÎVd¯âRWÙã‰	f8ú¥2N”q¾§¦!X7B›˜$84/,d/†UÐPä$h—ÐR_9…ˆ2lÏå)?è“•»0/Ý r	Ü³÷ñòx7Kr”8ï¸Ò‰±bÂ%eõ.~kÏ€Õea33‰ý#‡°¹0¡£!î2÷ÅŠÔ£ÉS<‡±‰ë³ÔÜwF:×®ØlõAPá$Ì´©SYãÅOr„‡IYÃ§²^æÓ%A•À†¬6DßÙ/éýÙ3ÇˆB±aê«Æc¼4›a‰mªEš¯MÈhvJÂ•=½=Ë[Ôå º5Dµ¡XÕQ#ü*æ½¢ÒY7þ;TËŽJ]ó2¥úZÛQªMáI»y½A/‚ÖT!‹nC›Ìx„1vé„ÇÄSbÒU±ýC7"ZØ@ÄëW<¾ûQu×ÊÕ1 Þ.V²0€&›åÑm%mþ˜Oã¯5 çû,.9Ú¿íNC¸cQœ¡b}zùx}Užs7)¬·ñàÚå‡Ï¿tr–í&ÍD]	`¥".a%ecbAÁ–Åå¡15ÖDæ.2yJ"A• ÑÁ#‘†n€“S6šÓõçv#˜Òui%ºü_a2ý/¡¢Ù¯5å,a?ãíê—®[›^¦uº¬^‘ÀQœqßò±Ö:ÐÖC<b}êdÌfù-IôÖ Þª>7ÂÌŽ9¶Ûß•Êñàq¬_S’ì.XÜ­œ3 §VcïQºˆý¢:ÅVÞ9N…h¹*Ûz…Êæô°²çÝÂáÍÿÌö]W8“[lWœqc¼€w;rSÛÚÜM:—1µoF]X-ŸväfšYkt²GùÞ+ÔàoŒ9Š&ìH(.¬>rZÐ£xîmSL×<lªàöc÷Ù‹ÚâþT˜Åï4{´6úÙµÅ*tƒ_ãX›3jTµƒCñÍ }®`HÜx^_<pˆ\:¢uœCœ‹à•Ûaï£¬øg¡ÎsJ	%•WéÊs™–7¸p7YëWR&T.°šÔJ÷½¬ýæaPc}£7÷í&Óƒ²´)rî]3K…gÝ: u5ìŽÇj	wdî¿`Ó×Q9´¡Úÿ¢Ô0¸~P%ëGèƒ*•c™7¬Ö€£C50¾–à.\Úá˜#= î‹‰Ðíß	_©tDS2Ü;6…:L|ð)ì¸6¨®&â=#r‚c°ÅÔÙ;ÝaÞ"!ç$læröyy&«ë¶¸PŸÉOì”‹[Ñs3 žX+Å`°,÷,˜ÞS
|ÿÿÙŒñÌ=rIs)¦ç¨l{1ˆ	›ÅÅ†@·'u¿ûU'#Niíh1dž·ièÝl¾s(t‡pk§¢ç•4l;3,Na:”É¾¤ºü0Ù(Ó wa_ac~X^Ž–+dúD1“¡DƒšÏ´“‡E_æÍœFh×—K…ÕÑ7ˆÝè/¥]K²#—ö‡n.1y-3 ·y­tœ}[qµòµåøÉêëy†|ÕÁ]ÃüN~åd"=Ùo#QÈ·ž¦?­ÍþUÃbÁbeEYŒ]êÓŽˆiydbšGtí8 k]µÕ†%"~Œ2µYÁ¸Œ:‘Öú×aU—\£át©r¾:áž;Ì?$z#Áoÿê”QûÙ>ÀVÑQ¼Cuó#~uŽŒé.”™¥áõÉ†¬cò³Vß r)?UÒªDDXdal¸Šäl|œŒô}xtš~Ö— ¦‹TÁe¯Ï(Ê-Ž¢xÓäi€¼Ûf©XB.xÚ~ÔÌîðmúe®V½;ém¸…ÁÛG~†¶Ñþë\®Ê_j£½G5OdÌÖ$×°ïVµ• ´”kóÆ©ãBl^4Š3Y4ePFì!ÎâÚkÂ¡ÝŠP”L
áÓÇ.Q˜¢—ñ:°aÌà ;î[˜½hš'pÕB\¤©kƒP 1Ë’¤†ýÏ·KË6øÁ¯¾«™…1çR0£ý1Uƒ@K	ãOHŒ9@‚Ûº¾%Žøës›±‚|“[wÓölÏz¶óSâo„¶7VJ³*aÕþ\d€Õ»s¹ËÚJŒU®¯ËödÚ‹c0°5}Oó¶3‹Â3÷M¿X!üxMp»§¬Ä³éßHð´"Rò•¬”’â“÷Z›Ë9ÊÎ7`¤QNØ\ŸÐî“5fæBóÒÏc)¯þü?½ñ´þwÃ„lõ¿šm’‹u5î›oSB~ÂÇÿ†M(kF‚÷KÂ9Ÿ¹xSU”
}šFj±Ž¯–w©\ô^&&E%X…'Kœ•´GªòÉœ[ø±-95ŠÞåý
5}R‡H6j½E9~9C4£ d 'ê§Søÿ¤ŸÃÜ«ci¤n*P·4œ"–÷D“ÄQ¡ü1h+êˆÉW»ÿo¨#IŠ¾ÚD)éüÅÞïX”ç ¡´Jš“ù¸·¯®·³ANÛú§Ú†¶&—:º¨¬ÚÙø©·å ',–R/K¼gM"ïÒ8p¥ì„½»å!Ç.WÇ»rúG Dç¨™ÍªØˆHQ ©`à’3É´`*°ª»Èxá.ÏyJG†0ÕVÁ"18éŽþfÀÏ
Œ=FÕaî'Ïhóe…Dw lÐy”õÜd6‘¹À¢µ¿ öŒö«^£JZrÂ1L­Î,ÐWU«uICÇöRãèé"´i  ¦Îû¯ˆTw"èV«µÝk:pyábGk.j^ZvˆÚO8(þnÕ/ùàÇ¿‚Bë¥Oe±¿ÀZùºjø6Š©®­J‡¿Jš—©BGH$O$m-åØ8áëòÕ®M¨&öRÅ»(·§Ç+1é–l;ÓÞÉâ4ð¨Svýox8ˆW)UÑ¸é äÛ vÌlšÒ)¹s‚ùm"1NÂÁOá’ÀÏ¶:BIÙwúÁÄËT*Ÿaœdè@¡‰±z¤*ém13×ü"½½N¬.ÁK&Ÿ×™¬Ìmùº„÷T^îßãŠø†ÚIS‘ûÓ³Ž™VÂüçÈ¼íŸ8HòP¤yÎ	ú÷ŠôŠ…û`—B?æ2eÙôÈl2ú7;<¡yó½…‡þlÏ^9C°­ÀÜS’íi’ñÍ¸‹,ªðž;q²9¯$Xïkîl<¡bJ]Ü°\N]qéU*ß»Ï#ö™£äHø
¬<!²¦¯0•=¸WŸö>¢]@Ú4Eß~ÍÛ¦Å—úë•K!ÿÒ5³:Ê¼|Ón;·(vþ¦ÖÐåæ`Á‹·wy©@³Žß‰@ÑÞÁÂdý•kA÷ªÆÛc¯}(¯¿§=äXál®ò3 ¡jÜ¹3¾Z„ŸØù9@Í·”¨ÈÂ)€µµë"±“z÷40’üAê‰¸y–z¡sÙÄ^îé ÏÜ¼QïuªÈ0|I3e‡òV§×¥õ‹õk]Üú;™ÚËÝã¿ÏŠÄù~àÃˆ&€i@©Vt//½:hDÖÄNlfÐø
ØkG¡µdö}îËf†*'ý†FÄ€YCÒ»K©øMèI§…'nÀ;d£|Xx‘FrY1§3¡oF´¨zÞôU>A¬é´]Ìð8–ÃÿŸi)mËšÊAKé=Ø°Å¹‚úDcÙÅàXå3óxñ˜ðø+ég¦þâ·û0ùã»0Kk®Yn;“àp>(WsÉY<oLaö¯°ñµgâpv(ˆ‡88C ÙÌ–¥ŠmaˆèCã‘ïvç<G®¾ì›ûx0¡—Çm\›rR¡è×ø4RÄ-kKŒ^æh¤,ËÃûeà¨ßÙ‹TKª(ÔxnA'òás&úÐ`.QïÖy|CÜzYõ‹Ý‡çÅÊÇŒIvŠ[ý‡9˜Ñ/Ú{½T—«“³?
ÌÓ¾~i­]}‹¿[Ñö—Su!*W&ˆ—£WŠÓ³ŠaHåýE42T4?OÐ RÇ¢ñÿ,åÊ%Þ:e.¤áj²£<ÓDþ6€ì^5”­uË
Ñ›âfd¡ñë›?1Ï¿ÔÀl>ºº¤™2¿ÃÏ$Ï	·¾}Îc\Å5lõJø¼éa±õûŸìr&FµjMyò8:4ž˜V:êŽÉA Ö=É‡¼óz©t5oþÌ‘d>Û‡‡ã:07 evIéÞ,X¥¦þ¢±PFv×²}7óÐÓïÜ»Gs /d=Î×ÚØýªhsñSãÙ¬æº½d¹%‘/¼°v8¦€„‰›>&‰ë×(\í4ð.@ôº’d&8ô»ñ¶J±D5PPÚÁÀøÿéÒ˜³ÕÃ¼àñ×h@UVþ·Ä(i]á	‹…Fð–R»Ñâ•4¦ê)ÊC"kö·G¢Ë£8æ`Ò•â*W"¡½ÕÇ9#V¥õUN¡íˆuï-º$oNF!3¼{3{Ýë(FýqÙ)%RLÏ¹Èd?PÎËyÎ:¾;\AÈæ	˜ÈJ„?ÓÛÙ.5Ó2fÁQ5 ÍU·æJÍuì\h‡!_õ‹ˆ²~÷ÍLÕeÙ_MòN¦lD‡vjVtbh8±pV„0Œ±·vî ®kPR›gFÂxÏ–ZJØÐAõ•`1¡ôÜ;6„LðCïÞÚ1ž>¬/¯Š¥ÑøK¼ïEÜ:N)Íâx¨:×¯¨ç\ð¬²PxK<Ü®³åuí1y§ú‹ÿ çÄvzÛq>,°t£V‚ÎM«ŽCØf`Ë¸¢øjœ¤l9±¿á›¤í'È‚%˜Ž½wÇ ì`ž²-L‹ªä[Ì¹¼TT’¶);Rô`%b±í>Jö	}*ÙÞÿŽ?­Æ{öÂ5<‘GéÎ“¼E )HE¥Ö.%<~W¶›ÉU™¡Ý?og+-™_à×*V¯Çð^hû@b6}æ
£?.lì7å«ëÿ_Ñ¿êÉbÿ°¹ôªÏ:åØf_ÚÊ’“,;šûì¯îÏú{'¤˜Yè°TÅ;\˜Ta1EWÍ¿¨'d{…‡j•šCK„ät>Í˜‹ñ+M…+jä–ˆQqÖDH³H‹,-GÔ[`‚FkZ€œ¼˜´ÃÖ›°¥R·ÛuN¶Ž:š&ˆA¨ —Vö“@yÏØyÏÌ	Ì
ÌK¯–´Þ¢ˆçæG„öÑøcaº«ÍA…GýDÇ5Z:†Ïr_—‡¶h·×øOlí¥Þ™ÂýäÞ§¼È~ y€{®{Ù¸"˜j»ø”-Â³5Y§þË‡>]€ŠD‡Eå¾#¿81åÿ>LG^hSˆÎO£+=Iz&DY‰êQÀ÷ÉŸ<µÛ<0¡¤±[zŸ í^8™m1Å#Æš¤xo)ÂÛýÝ¬ºûÓÀücO¢E5Ò+3š® Òmÿ]¾!>ßù«"VÒ˜Èc¤ðÙý¢P2Xˆ‡¾Òë(ÍÐŸâG›U,ž\‚~s ÄJ¥Zµd“½"*v+Y’TÖoî€¬Ô„ÏƒÞéÎdsÆýbqlµÍyJ³N´m!»ŠÍ¢ Õwmb¬~ž-ÊYãK±ÃIqiD¿wo¦ècÌÏÎô^ÜÏcÍ0ŠU™¡Û¦µÍ;ÞLãÇvp€_|Š;XïÄ™ †îé	+Bøû{s!ð:HòvnðJC¥02i6’ò‚ qî?g¡?aýÒ3Peœþ?Y–Fª¡h:ër{åní»(ÃïqÀyº´QrV8™ÖÖ`	>eH[ ÀÞj1W¿ÿ[	àU¬,$‡x°·ÎjD®Sx P»#äç­èqœÂÆíË³IÇb¬r,Íw”Óšf%…äA€°\¼SŠ½s·£‰$N†²˜uWÔ+RŸÔ$jSêò¡ ûu˜‰$ß–B ku*zôta`ýç5IŸŸÕ: ¦êc›bÙS§|ñ;¶,ã!Ë¶]^¿U†/±ÿh	V'ÞYju­žÊPÍô>kqLðëevv}î,­3ß¿\I)’ê«­#^8¼™¬@|Âî­6Rˆ¥M^ªn^…NØÉ]~¹¦qšBBF²'ÍÌm)ÞÑûBäâ”.HÌnÆžÇ’U±]‘¼¡_7Ä¶{Évœò8µÊ}r‚•°B–ÝÀàOªÉ¤?Ó¦Ãã.LÿÒáØñÖOmAØ´¬§(^£záCÜ1´¬4Emô$©Ï£î¥ƒyç·	0†Î%‹ûKÛaQ&Š@ísu¯Ù\¢gI«º[¼)L=ö„CÎöÝ§“‰eE¸ôÖÑ…QM$1˜“ ä¶±íóläV~½}7n6:¤-þdÙ(¡¨æ›¶¥§›$ÙÅßã^³7çˆÞç–”]¸ñÜÅ3Ýœ¾ß°É§òB*÷G¿\Uš•¬ç/~”ÎØýùbOÁ¬Þ‹?ç„‘UY×²ê.Em˜Ó,êuÒ–68xÓl$Ž_€x„pâùF²ÆÃ]Z)2S¿W€Íà’î£ÿV”ZEìXéD·lhS¤" ©qÐN—'MUä\író¨{ÜÖzaxXÝÕ²â`ˆË³Øœ¸Ex¬¹RÞº]=½?e©F0×W²Ãbœ±þ°ÀJé™v÷
¤3 „>\äÏ2éFDŸ¬DDºb—'I{oëÛ©™È*vìÖØï"èÝB‚ŒËì[,ŸÖï{Ð>ñ>,f¿Ýqÿ_­«T;ûQ7œØ¬è§¯Wœgà¥Áç½ÌÑ.%´ò4—Ö<Jøãsæž¦jœ™4 K¼ŒS½lÀ•†P©|éÅÒ'¼6DXÇÖ¡uÔŒkö^Ä4UúÇßÎ÷¬&kËyˆˆ‰ß4*ÅpB¨Î1G¬ä»wØž¾Ú~èó|Éœ6¥p(xãÕË`Tá¼˜Y|1wF-°}H°•B¦APhü"ÖœhJ‹Ô€í‡	X/#RýÍº£¶j"Ÿ™z¢Çæÿ®¥@îÒºZLILÓZÙŽ[–l³aw§]«šµ¦û¨1Ø;.‰zI»mL>?ó|Šºz¥GOØ#ÿ]€‰¾é¬’p}{M•ª”Œ ¯îáŸ.<ºB°J Šöèó@ÒÈZh‡ÃàøŠË¹¼«¤ßõ²B*ÈÙò[S§½ë8õÔQ£Ò}ÒjçÅÊÿOÀTüA*2YI¡æ…Ô&î;;)Jh¹å÷¹Tž•½p ,Ìòö»Ö<UÉÈ ÈN@í¸3A¾Øv¡øËå€*( ÷‰íBíÅxž±wåGSÇŒ/aþ
…2á¨˜Uu¥(·ŒÛÿ|Í‡/xxÏ[žx!(¼ÙÙæ¾a/¸´_\kÔžIšš½îÒˆšzÜz|ÉÈ?ÂÏJŒóÞªêc$qó"bs #ïÊyãç&¢vÍ	'‰€WÓ)ƒ[¹³¸ë<jF¼ V)ª§Yù—¾–ìŸ_œ}s6¿µjks  ØÃXÃÇUa¼É{–e¨ ´´ßn“¼ÝõÀŒ¨/·Cáq3‰ô­_ÉjŒ=ûøN;)aLÔ,;Þ"uƒÄÝªÁšåÚËª3ìŽqVö(¿dFä¶¦ÒREB2ogþ'ªÌK~Öâž¼ª ½jßamØhë¨ˆ<6RwZªQ1ý6%-rà²ï¹2×6áÈ=Qjv(\8w#ÝÞ'1sãRqcÎ§@æÊ–9nKH”¼‰—P¸zÏ óŽ¨>:ÔÎ)/GÂMMoÚì$:%`j,jú26$vi÷"mUG®mÕp}Ys AÁÇÞÐî’7ž¯ž,þâS<Ás©òrP~LÓw®jEšòÀ)¦£B5´ ²%e~x Ù4|ìIhÄ<Ê¹hÛ|’C†£x³°•/·2f©·žÓS³²L¥¬
 U¨¬mxIÇ^À<æx‹U¸¦"bèå ÆomÝ5²;ƒ0Ôº|ÉÖ÷çº|ëB ¼?Ãz¯u
ì	ÈËø-´w$RàÚ†v¼ø¼1@ý`}ÈéJH¶ø‰»ÆÒH/w~vèÆl4–¼?ŒŠûg[9s—ÉîÉ8ç¼UØ5´tŒ7Ú)¢!’­Ù)Ÿ§®à¥¦9`2TNÃ³ç¥"[PÛ.á¥“BšóisyŽëíÐY«bKüîtvQ"‘\28í²Ý`âRÑT‘|e'…ë{RŠK w#0Ã*	Bò£C‹N,o±QàÖ»Rk¶ôäô8ÖØxôÚöþ]Ð@•Æá,‰fó¦Æt”O¢,4/‹Z(~-`wÆÈårÐ=ØD—A’Ïèí­ ›ÔÒ	õIEÙJ®1zâúxË¨ì:»˜'ªæf…€ï ‰á25)jýÖŸ yís7âÚ×>
jiÁ;hS¹’’vx{ÞfÏDßÐ/yò6¯ý.hÜí	ÁD5Ê'Áî³À†~êuën+'ø	0´³ºÛ¨*#)Ã?ý×/6²Ò~ ¼`eD»:3Y`/	Þ3Lb’ò.BÖ}âÙ?;û˜¦TœúLÂÿ&45X:ÑøÎ€OBÛœò§¨«ˆ4Ö—†>7õ
ûžøáð?•³{åU©ÄHÇØ$ÞÐÀH s Ó–9esœ]h^‚ÚP8g¨ð~>»xi-LR2G[ÃˆŠ?€w{!i2*¡2õm¥‰$¸ÎþÅ0ïsÎd4A&gfÄ–îT‡Ê‚Ø÷œ­ZP±2{½êRÏù°Ãõoˆ|ßY¢]1õ.8y4öãüU6ga%+£ øaŸ¨eº±SÅ=R
k¤½¸ ¤Mpeú”]è:;mÂWœ¼öñ ÂªbZ=£†àÝ‚Ní±À¸Tj[’Ö>ÂlÁU!Ø…Wt–žŒÌ?<ïW÷e5&r½ürV€®ö÷Ú©ŠÝk’¼ú%ÀÒ5Ø¢÷œ[>ârEÑ–XsR§Ï¦Å,¬ë7rËvðm8”KŽ2§
<±‚¢ÇÀ¼D:´£Éþ\ËÍD½U¯“y](ð0‰&'eó“21MÎñoÌ-Z¯V…+_”vsmŽá$É~À}ðÞÞãx¡µLxjRcÛý„$¥˜ÍÉ@Q0V¹“l-‰$öþ›ý¥ßí!ì
9@çÒœRÕ*MìÉ |p`¼ÈA”îÑCbSªn!‘êËT—Çæ„EP_ÙÚp2{!£Á«[u§Ÿë¿;"Ä¡æè“>%²«:]&´õbl„Åˆtázë=¥4ˆ¥Œ!Ì9¦º¡Ñ<eØ1¼Ï|~¯=³œîHÏGƒXó`âEdÂa÷c–*b/œó˜ˆÆÓÓ®8Ùá‰<ÿÉ,†×›B\a	\45¿;`ñUo~ý¶‘Ýq¹.hŸ¸Ã-»uÛ‚9MKhÌ_ÒtPÒÄbÃv
­ÖNpËn’*»¶íÙHƒ˜»=?•ÎÑ¦´ª"ÚóÐ‹Ê"hÁb°Õ_^ÎMEÕ×¤+¨šnŒe`¹Ì-)GÜÓ‰GdT
\[ü–šx½Ì'€«§RC™›= °\ìÙ[×s	™V9îÿ\ùøûÚ„4·òŠIf™Nž¸ñ:àçú‰;T\±Š~9 ¸}üvi?´‡w‹yÌ<°xa¼S’¿Š3{*øEÈuDf±‡C¹% Æ ‘/âüÖ"FZï`Þùâ/ëO%æ˜©FÒD7¹Q},-<¶›þã€ÉÛõY@¤åÓÀI{c{ØçÐmô…¥øªá2¤H{- 7|u
]ÉõýqvCÙR©Ø&Â%káÎ1Ìt•’ºmƒŠ~ñ7©'Ò‰Z=r”|¦.pXÎ¾­´„3ÿ½sœµb„Çös`]ÏCÊÙaæC1„2ÓqïéYœ®­0l¸ Œ¨¤Ðr.îfÄˆ¥œÕ'©‡W¤ÖCÝ¬qWÂ3“[0]¾-}¿BÚFžé×\ïúÂƒ+$9'š˜‘ÛitkÕHÅ¸;ˆ8%Þý{é;J“«¯O»”Ò\ólÍ¯{^™™÷*r“¨HrÎŠ«Ü>lZè ãq·çc-Ðuâ} $;FEò‹þÊß1UyIõîäõÚ²CSÙ* OäÐ:«D–ÿãV3á£MÌ	ë`hùŠÀó,“Y{¶Ò€­`þú½OL%ªÞ°ø13ïâÑžIûåÒÚ//Ë†”Îl­›N¤\Ã_èj4»òe(ßð¢¶M‘\Ûì%LR•	ãŽ·k¨¸Óìq²Ã÷2S‹!qyÆÃ™R5ØìáÝ.´†Xî@ÑMµ¢o¿o–A=»Õ"XµPI†±ÛO‰ê¦$n½÷ç)lcLãfð"¤"8‹vUÆšÍyTïø­ÑÖ-4”“µöÐ¢¤é\4q3¢*Êhê)ÉY½Œ4S[ÎhjŸJØÞìùûfFÊ8”|dLÐk¹j#yP"º_²»â2^nëÌÁ•ùªníY¤­Þµ9Çc0ò\i8þô%sÃ‹O¨Ú€+ñ¡Õ,äîfÓÜ;ÅgÖ·¯Ý)b8ˆcœ\Q¤&,Á,Ì¾-hšÐ¼—hââZZEGº¼÷½+—¡LÓE²^•0J…Åð…‘‰¯‰	Ûó]†Ÿ¹‘pYÈþªœzÌ9œ€/¢Ý×d7’øj$¶Ä8ì.du¦EV¹IâÊPuâ’I=ê<Ç®­Ün­ J>¢+þ%F×˜jQ—Ò}ÏöäÉ›DN=;%PZçàw ÍO$T¾#-*Ù&e,Êù¶¢6;g<Óä±éÊC;Lû<¿¥€}ÐÛÎkNKÍ¤SC;È’Dð+ob'õŸ)hÄŠÄ~Ä-.ùJ^×"Y³HðòLíyY"«V½dMjy3ˆ‡°e•:û¯u°äPÕ#öÔ(·íeOmr‚Ý4‚‘’^611x¨õâ£‹<ŠHº© ÷Îj¼ýŽa_WfàLÖ¸·á
»å9¬õF?ËY†‹MÏáŒ8ÕÂ¯!S:¾V±J˜½²:ÇÎ›cyÎl{	$ˆv¬w1 üÈy|t`ž,„ºª^‰(Úp«£ËÏâMàæºD8 ´Ë†ròŸ{lÌ¯7C„7wZÞ{ÏN¸’³Bˆxƒø±67m_ùÏ™lÎ¶D=‡.ys&ÿ‰ÍñÐ¨¸?§ˆaMý¹”vgúSUŒ÷ÏÛðG}¿O!¤S„iï|ÃÔÏ¡`ÈðAá]4i3»lY«Ñ"…Œ!œ³Õ ¡i=ÿ×ï¹ÝÝ'ûÆ™² ŠóýäÅÆ·D¥|kSØÆ#_½Á`n~í”¾˜ÁéN|Ë|³$þj…<Ó²õ‡fßgYÎ«ö˜áæ1³'tRÿ[-ò³q8™Õƒ}Þ%ˆ>2ä‚Ðôëk3ˆÝÂ@„LûuD®Ûì)äº>&f+ãèÐÑ}’ÅÈÊöµ@™BóÕ¶ÄF>¨¿ofåõ×#ÞÝý›+²)Q¯ùíƒÿ9Çº€a0ó´L'tÙÓA¼-
'zÂIÈÙB(,5	?ú>ÝSÕï†*XÌÐÅÛ‘¾ÚdÍìÒ¼4C×:	ó$I/÷Ì˜«–gí×Ÿ¬üØs1gK=„£¹»«ØÍžh‡¿ÞÛ‡V\ûœjÃžk¿ÏÆ»ÍZ­âÂS F?E}tå[V me\y½“ç	\Ñv§é‚õACt‘œ0™PHêi’SP•`•^ÓJUni¼0{¸új5:põ·Fc!ú)${j0'ÄÓâµBæK$¡ø×W»ÃÙ®iÜ3°£í3Xz	-=;lgµääSÎÃ^1hÐô´xŸõn).ZÚœEE€æ¨¼§>A[’Œ¼»|¶â¡U©¶ç;)R*·Y9¼
8`Ä˜W•·4›$V`S}¾Ö ]²¤›y!Vïx¦¯jÒØ‡NUj“;°s&"£ˆm(¥HfÌzÉªf%'2M•nžt«Pƒ¥íÖcsE±2ÿ`<¿¬'7ÖNsçCü)ð¤gFw™„ ¤OaáYô]LdÀ¸n…hå@ÛÚÁ¼›^O)Þ€Û5†Ä›ÍÞCÙý®Àø¨›½^"üø›’ç¼H-0Ì£¦ž÷î[™ûÛRtä²õ|)HŽÄ„ ®•^K:5ð>›zùI1…©4h´rýsÜO=r­0ûÁmêr¿Ò·œ§ø"r ÛŒs’Ó|ÙO~`/k_ÙË‹,m»Xê²±ÂoRÞ|/ØN&ˆhn,)4D¥Q$OU&Ãþ¸I÷(èdS›)Ðp˜3×
Ë‰ÛÃZ›F­›55 ãÀª{×Ç*ÜÎ¢ö%f¶‰ní±úÄûÊR6É.¡ÜZGý›<Z=7ËS‹<‹‰‰ÀÍaÞk‰¾ÃäQ&È¯5-“7Ý[XžiÜE	ê™[û(¤ˆªÐfÚy©ÜD¹%ÿòÚ¯0š¢í£Ê"¾Ð†VžÊ¤›Y¹ÅÈE!=¨™t,ú'ßa³!hXsv‰š)´ßUtD 0çAÔ¥{†$éï±W^*˜iªÚ•:á”8êâNm4–^ûaÿHPG•Rqòšõ£¤3òÛr>o"Ådô½æÜG£†;bEõ0È‘¥¤IýZÎD#ˆÈÝP:}šðó½¸[c•ÚaX«Úð qbP€®,.„¶x‚Š"ÍEÒß<g*²µøñÆ G	8ÉRT'ÔÃ^n›Ýé";<®æ…ì	,‰e*ç5ežÕt×CïIYÂ6É1nÍÿDèu¢iØgÈ$N‰$cö%d|dú	ÖŒ§‰wùÌ¸±Üpª
·©i”*Ô†ˆtëM¢ÔÁ‰cWÜ4þ”·Iæå-ä¦§Wk—%áê_MªçÐÎÌÁ˜(¸®úxFÏºmh3=X8¤¸æBJ"CŠŸ‚ãª·“o žº°Û’B»ÔÞ«·¥÷”8ö|¥‹îŽJ,/ï<X¼Åð¨ªÈšbØG‰Ê¹6òY¯uï¼äKŽmï¦¨ÓIÃä-ÓˆŸ$pX‚Ë,Çƒ?ôo²ªÝN28ÖAP"¬‹ö-0w‹"¼šó‹ø@«<R¼10’9¾×Ÿb[ ¯#—X
Lv·K®§’Š~Oº¶K¯¡é§uÔËÖÎ…*çc³¦“;0½Cmn—åD‚\]üF±¯Ù>æäÃö 5Y‘“œ”=PéJ„­Ëe÷°,ºà8ÀµÆYé4ø­°ÕýÛ5†Çr.7>6AáOˆ,‚ŽM•â%ŽÆïféFÚB/O=Å'òuÃ…ùœ…~š«a’"¶K¹Ú"y)½©¡†©óÅ- 	œ@ªöÚcSÉÆ‹Ëä<”v¥i›ª4%R$3ŠèJÿ½’„Á9"Ý ¨9Ed9Ñn¤2'Ø6vG'Èv²]%½~`·ÚR÷ë¸ä§ÀvãD]þ+Ü4×Jqb(¾q¯RêD}?l*_þ½‡Ðî@—Žª"k(Id’ýo}äTþŒJ`É¸7I©Eñ¸Ð³+9PÕ‹z7 àf¥ÍŸ%‘œwÇ%ÁÎpÄtáÇ³NÍ÷ñš¾?:ÏB½pdç]ìAÈôTªÕRt£UùŠi¥ÿõYë´*o¿­ÆÞu0ê	òiÂ±`M*3º1„)âì¶!õ…Í½¶sòÔáaw¿w0<E¡N ë;zøÜ7ÄyÕý¶ã}¾ª(œrÍÌ¤÷	®*WŸ=j?È¨~¤µ~¯÷€PMÛH–k,é/`h?•x½“e˜aw³Ñï©™­eš‰TH4†Îû*c'$¢’¾—ê¦@ÂŽý-½q«U°)X7¾R`©3`Îž°Í¸xXgO›^¾—ÏOÿ)øÐ{âl!¶%.Ð¶ÃÜðÄx ôª«$¬º«_J4©ƒm;Á#=¬\V‚ñQuèÑ©íµa^$*Ç0]Oå‡²/j}_¼‘–‚OŒ«ÿõ)fÚËÚs,mÔàjXXR²Sž„ö&Ð<Âo—ÛIJÔ¦ÝJå}z6®ü³ƒkS]•9æý¶]£òÒ['bø¸å‘‰ ô^Ä—3CM²u—õU’ÄÉ“µGO¼Faä`·Þ5?ËÝ,ƒâ;›ºN·ÇEÆ±ŽSÅr†àõcTr)Ã¸%CêÄ9.êA9ÿeÓãÀ^˜SÁ<¯ÂqV{ÄÛ—HZ`€òKõ%ÎÂÈYhIQÔ“"~#7ŠÃèß†ýÎY6Ã;gµüÅYS;aæÕýÀÜeð®ëWGóÄ$Àïš²ÆÃ[!_Ö“E1+ú†ø#Í­šßáBN•'ogÃlß 2æ¹_NþÄCâ‰ê]]0Þ&{”Ûž„0äÛ¼Æ-ß(&ý}ÕKÕ^´æÿRåbuÝ‡0lKç®Ãwà¯º ¾ÕÒÜ‡›Í±<tO>@ÎðW#Û~X&0—¶¹•Ôî@~±0«qËÕÛÖUÒ?¡ˆwwFÌ(ö£ókT@EØro”°¬€ù“‘{à1áúü+‹0KIÒŒ<­go›Î¥
ßÕ¼Ü˜èC›)×oÑOu€[	ÓR;„ÿç<5	¹!¯òÔÒuqµrºcÜ Å+Ò7–ð¥\DzO42’¤”ÃÉîve¸Pˆ#„W&ØŸ¼à¦+`—8Æ•ívž9èOÚkÔ[_HDFÅ^[ú'gñÄú†à3’ñªžØ%Ô­œ–Á÷W6®,wÇ> ›+$Žý;¥èKsÑßG^1À5ˆ…Ø§£ls4s®ÄÊL‹JÖÏ]³)w@ÈÌWâS=Q†»8šM²á££àYµuÙ†³5ô²U¹$FV»Xõ W+UÔþdõ]
åE”èèý!~nfÚÑ1óÞˆo=#uögûïžUþñCy&Äf¾q±?TÙá}Í4ÐK¿Xâi\®Ï7²²ÖFûÿD.¦ètsß–ºK÷ÿ†Ô¾ßñ4C–¬Ò&Ü)cÆðÞØ´•üC³‚o„EÌ._»Ým³Ý5¬S~ÓJƒ¼qÀƒlhÏ@ÎIár?©ä@w°ì²ˆ`‡Ú–¦ßÂW#“J·RŒ¶Ñ;iyøæ.”Ô ?ö
>þ­8Bê+çQG)ÉÒ-Ìëpøt¯Lt©tø<3Ÿ
 .ëqÃA‹½ý(‹¯öÂ¾HA»lÐ_wµhú–rÙ:Ô"Ä–®¯-;ÐjÄ_AÊóePä¦¶>ªÞY¨ãõX»î¯Ó6á}t°*D¨vEvÕ8ÒÈ¸W@å,Û¥ÿƒD¥6zqÉå]”ž\Žî5<ˆ€<QNáZ×]„?ì·í’h¦2ÅOKÈv~(,šÿèÄ‘AK$6äU]Ü¨+	OŸàõ¸*ÀlwƒÝÅ0zygŽ6»ÿ>J¬ö
uÅiö¡>[9f(þöè¿
Ät?™¡(ºa´æç¬‚Ú“Ž\õf)üÃÈÀåBå'Ë°|‘k¼ºõ"–¸×D(ëÚž”µà~·ll%–Iƒ	_lCoRI½šß™Ûwö¯³ñ=T*’¥ó¿ 4îüêm*¬™–‡®ŒÚ¹¿ßQÒ€¦ºô8iMv)ïÌëo¾rŠ·»6Hj‡îbiwiËLÙua­T¦Üq*û?f¥ØÕÂ8¹“œ²!tš-oQXbökVŒWcÔWÇíHy3p	miçf'«.9åô¶î™'©&ŽA’ô8½*øæ¸c}®o1S|kÐ…4~oº¸Tî¼u®ËüìÖ·Læì.%Êg¯/ÖYý^üVÓ(ŸñQ’è—˜RI	´+;Ê‚½Éî7úá)"q®ùaZµ’fb±Ž.7/Q;Óé=V‰ä›ÑHDÎÔ*¶
H¥×G‡¦Ž¥°J1ö$S¯Y^¸Ð:@+´/g¥¡ÊÃÔŠ©ßoU°Pèñâyñ";Ï©Àm–4ÏŠì½Q¨E†ÓñÚÆ™,I„k«§:hz-¥`aãÎ²T˜pØQ¿€ä•?ªð¶"Î=ÞfÎ
Ý«š´Õ¥áfÛh˜¦=ö>ÕW?^w[¦âÖ!5ç¸t|ÎéôqÖ¶®^Ôš›Àü>Á`p–¼“»pûþ\Óq}üÙ)Ž‡/µ±…ƒß©io™!½ªõ£Ö17ÓTáCoxÕÇ)‚({Ä“.9§…n3{{£EÿË~,”k¹Ÿc>®ç­þ0BÓ©4‚ëÃä—ñþœþå¯`–0Æ%ã«uO/t§°¬ôÎJ2½Xó1»Å@Ô¶‚ìüáÏ=€‘õ2­˜mX£Ë	­MâãÈ¼J×cEûðTon”ÑL0Ã7xëƒŒ¹/–-k$ŠBˆ¿¯”a½·½Î_K?/¾gŸÀ¯qI·ä—žý‘<‘­Ššè2¡q¶ZÙQÑ8þ •v…ÇÐýåÍÌÐª„P%Ü_p«C}üOÝ5!kž*‡«è*ÃÈGùÓö0•‹œvL€û¶lê{½
ø˜¨D«êL1‘ºÀâ·7h¯¸$ìMv(³’ü~ ^3®/¢åiÛ¸õL¢8ÉBs’Y…ïÇÑ­þ;wœ|fÛ†Y‰ˆž¬AÎM% ¦OŠÿÚâ^¥kï0o8Ú”ªÍxŠ[]’£uÇ­3qÌ{>g>èÕ±‚€Ez^ís	T(—ÍÂ[»-»˜ò£<Y!ÏíT‡tª{Àâ´Å.ê“›±Í&ÄÁ‰¬¾³ÒøiH‰xÄ›R¹ÖKG¦5_~UI–’¯øÔûšçäm‡G*öJðDŒbÞí¯GVÙL›"mÄ<ÇAôý«A¾\ÕLr9ŽýñÆÏ+VŽ~mv|½*÷¨Eª1ØÙ«¬2ÃéÆ¬Ùo	91 I±£€|ÔjDàãk“ö½ ÓÓÔxSM‹£^˜i,µqcŽâ.ïH dØº‰û¯ÄHÛkmÎ­…°RÁL2…Köé×ï:‹p­¹éÓàèÎû7Õhˆ#Ûew¢·”Lh1—–S¶Ön‚„³Úö_¦¬c†3yˆè¤,mgU¥B¢´ƒf›XA”xGÁ7Hå,´eª³.@›BZ'6ŸÐÙV¸S0]ÝÔñq¹‡î~Š6G„¡½å¼02Q$Ì›Ê†žÇû’õ”œU‰Ö±WhÎOt¤l/z¾EôˆÑR<!~nh›Ž,
š½Õó»ß]ò"0â–C¼°Î†»ö»r@xePƒ gblšZäà¯ÄÏb< úÍ£ƒ…¸ß@þ‡Jµ ™yñ¦›ýºM?–‚ù<^À_„,cæáyŠ\™Ì’ô1 ŒÏzàŠÍc4b¤sý¦÷p"($D¾æ¿#SEF+ûšd÷‡*t_KMÊ3…M8'`ñ²w²¶g$Q,²ðÍ¦»• ä%E¿#1ÜO*ÛÌ'´Ì	Ø~@ ¤‰g9ÖÐFAÖÒXƒ˜2òñxGBÄ•K#ñ°Ÿ¾ˆƒp©a‘:zÃl&JÊ¢ÙºlæÈ\ÿÂwøT…¶F:°þ Y±ë”¶{eúŠ:t\O7'Â4æ>[v›n“¨¯,F¹Ü>=Ð¦Zè	W+ç\-â0®^úgpj;á'Š—?ù}ç!BËp€R0Õ05Åî ³Š1‚—ITÎr4]xÙ_ ÏÑc5Ûµ=Ä)é\Ô¸ì´Ýò¢™];S·núâ‰­håKOÜ°‚ÝØpë¯Ï&*¸«"¹S>GŒ>kf·…b9.›a’j!XRÁKXÏr-xN“÷Ñô‚Ÿç@Â+|‡>HÚˆšá)V§¼L|)›.Ô‰A«Nh#JeB;©—K;3øWþg–Õ¥»-5ÿFlYƒO¼
<`Lày!ÇÛsÐ½$§è©ç_¢"µÇ“÷¤ècêRÝ£´” Ž)¾!‡i,P¾UlªUu<¨ÿ«é5pNÚdä“ÖáNE-%¹ze–Qã•¶^•I=²´Œ3>^ôÂŒêñ£n%e?Íí2ñŒ8Š"{µp¼TÕäes¤ fæ²"íÉ·sÎsØß‰¼qü}±×Ä›€	ÓkNDô??ÌðÒ%{¿W!¹]8:ôêuê¹ÉP+¹5®¾BèÙ ;£Mÿ9P-bh&¶ká?<Døö/²äøèQ´`‹5ÀÍªƒ´àƒ.©ükÔ_fÓ“ÕgðK¤/ïþ({“>ÝGd	,J¨þ–9ôçeÇç-‹¾E¨¯güR^¥þÄë¶LÑÂ	·bxs0DaˆÛÔ˜-¹¼0o„1—ÈQI®·UÑeKÈ©¼¥%±~©:TŒ8[˜9·ãý6T--1Øóìáô/"±Ï¯=É	ð‚€»,´­6¹{O/ø[&©"v&¨l{3ÀÒ÷EñØÕûl¿ß&¦KZ°æ»™S”*áóš·ø!î_ý]½¬Q/o[ð§ÆÙOöGë2ézz­ ^ ýN´/ì{*ê/•Ÿ†QÒûÕNFñlWVvƒŽÍ¥²V†X±ÇòÓ¤ôÌúø>!/¿Ó^ð
cÂøO¶ÌïZô¸J¶Äòb^Ë¼ÿ¸­ñyËa°ç—ˆ.™z¥Ò¢9áhÌôÑ+×G#çvm9ª997ò)bÑvj¶Âçç	Pžå>½DRX9—KTÆ1/ƒ£_õƒX¼£¤®=ßr(´Hœˆ§ Z@ÞP ¾p5uk:&;¾ÒO/ŠPìÔ4¥°&¼l‚«ÞÙø>ëb”›d*Á©[2‹‹Š?"e0‰î¯(-ºç>yEPås¿Ú×m™„à}Ô¾ApS&&!‹'V÷0 ·›³'Bé7ùÿãHM£Ì‹Hÿþ}Le±ØÔGFaÿl¢OÜ’€•^Ð&ˆik»–|ÒÇ€³®äÑXnR$ÝøDqæL¦qQž1¹™©‡E…q×	Q$›iþVÐSQ’ñ:o¾+\âBRAôÊ¹ú"®—eTÃ.‡ƒ $™Àð=£Ûºî¬_ëÛ²œI©¤Ô!4ƒ­”~«"÷„I]Œcµ“¥ vçÄg,C²Q|çù†pÄÍuNž«CÅe^E	ÅK‚§þí	„_ÉVsV¶+p§£¥u#G
#þ»í‚|õ‰q‰µßƒ,skÙ?áy*g™ó”óYòee¾"#ðg÷ž ÐÎ-¤H<Â5ÙÑÉF^m¯T£#Êå(CNsJjl8±~ÿPŸ¥:=Èt,DÈ¸ÅnƒT …u{ÔŽàóÈÈ&hÅmŽü:(Ë}ì‡)Àø
"çœfû½žØ<³gzÇÂßÞÜñÞR¿_BË2ÒµwÖ €Çró=úÆL†žÇ÷!bÜ+ýd8:ë8ú¸
aŽ¡‚ÏÝ„lJ¢yØŒÆ”f_•Lx
lKx¼6z”ä]ïª¼´èÉ.µÂD¨9tì -Czô©ºáËæü*úà?3`$&y6	ÅÁ6M‘ù[Z9Äý×Í°dö@¼½›bÿfæÂjóÑ 9]jlŽÇÉRbJÈŠ±)@TÓâ¡‘Jv°'m"NÓ'†ÏÊíÑ%˜G¢‹äùvïyg´ÂÅl‡2[°ÝÛ.Ó½ÞrßÿÅê¿eÀŽ%’½™ÿ	BH·WÚ±Ø¨Ê]„ž<t6cã¦Œþò¥=çX–S¼[lb9ÙœLÇÓ¶} „¹Ä8/è0úuÏ”’Ç')]GÜ™þñ€®lX•&®“ðÍƒø›ãMÊ'ŒŠû¦»¦‹‡¿ª¦±Ëz@KWéO¬9ßð[‡@NœJ“/OpÁ4 û.-Bó¯¹6*ŸB
Ü“³fÓHøT=L7ÒImÐƒâ¬õ:ÉùZ¬ßLÞwD Ï-'‡ÿæ5zÏ¾5ß½€¤ðØƒæ­ñ[ÊNöëíà:%%íÊÜ	*˜v4ûb¸f“âŠßi›ÕéñÜó.¿®d™	 ²áOÉ/·„–p=rµ0xŒHÃ
Øƒ*ß92^mFÄ-v²3{=0²õè¦í„Öù‚H™ë¢oäÁŸˆñ?ä@ËŠþÜ™…Âõªï>óD9`K,(hxõ/º	Št‘yËø„Äbé½vì¡§‰*á¸ßÕ¢oî¾žÿ÷Â´NzWíýC€Åj¬AHâ1Þ$váüßFÒ§>R|Òˆ£½"åçs‹AF;6/(;Æ2Ê£Àº@¿ìbx§ŸŽåºíéRv5_)–½þ¶–ˆ—4$·C	8Kzm¬$… õŠ|þ` 0Jar¯u€ÌtÔ÷¬aeé|ã;Ÿj‹ñá¬¬L›ñcO$ogæDm~wBõc#°ºÈ4é¥ôg_8j½ç&4„$È²´¼ª-ªÂR°G¯xª,¯pW 3jœÈ~—vËWé¯ºù6<ù†d‘<k_óæ’Ö{#K¸éÄøq.Ýzå· _){øÈÃe(¼šn0¾X®YZ“ &›DßH"ÉÃ,5„ãT+æ…®›äÏò@üdì#×`g¯ƒ°k@ƒ7qçpý"ôg`KrY®„‘§ÝPËLG-É%\sÔÍp¿«™H©®¢h^ü2ßÑ)Æ¼ý"ÐçrdG¼/½–œGxa~f©‡‘¦ûØõ{È5dmÒ†ƒL¢òÖoC¸ÝuÔì·CmN¹óœçÃEæ7B’¡˜­&|&»©tÖ^7ON;Þ‚ÁÐy†‰‚þºâÀømâ[èo8ã«Žß¬WØ áá5?Õ˜úÃ,‚}9‚í8N›eŠf¤“Ü£ÕmØU«:hkí'³úš_i[ú¤úäW3!MÏuË¨â‚2	Òbÿ‹i$-vïtc­9îPÄ?©;ÄîƒÙkPþ¿EsÙd¢3W6yÃ|ç\Žc0ó"A@H÷`n¥wf»nº³hw“i]"7´527Vp‹aNù´Ê<ŽÿÇ¿¿kþ©Î6ö¢é1ü0^‡ÄNµËoÍ'
ó¶cÌ zÅ«½±Wø®ÜL¸L„Hr†¸
Ä×"kV #Å¼~wBrý—ù‚
h¡ž–)¢æ–1¡ÙƒÁÔ)ÄÃeõðOÍ–Àùvà“(Ý Bi|9ílØæ%êžù&ç‚|¹,À§.^N£ ÔÂô%O°-Šd3!$ÏgYXö<¡lDH“/°‘¦ŒåK'Æ99ÃÞDIŽø»®ÕÉdDæ¨\Zñ‹²²ËYÂ§®íS³êp"ApƒCƒØç©Ôô.Ë±Äæòš³Hã´D¯'PŸ³á²‘àém¶Ëƒœlv	}F„üI¡šJæºò—WæóJ&Gè¦)Ìkç’’ÀT¢sŸ7	\{b”´Dø|Æ%»æiqqâèBÙV~Fˆ®M„A¬“¢‚EÍŸë,õ©ÎÕ«0UC«…D5gjâ€˜‰¡}{5³¥—×”‚jÅô“¤ÔkÍ)î$4ÛÖ˜Îêaq@Cõ@	q4>o"Ã,+aÚêÔ‹ÙÓòlc£0?+m¢;«?G"ùÌ‘>¯[ß)®“ŽŽð:Ž%ôDèú=MAºœ/¨÷Ü?‚”Â˜+k\ÇJJ*=v6å©<–ŽÍúÇ¡ŸZs±U_5è037J§<Âf™¤	ÛäœWx9nºw®ozšG°-pB³j®,£RônÎ.Ðbë·{[¶o;f¡hŠÔÐÛ!^PŽ¡MÙÌ­I9Œ´)iLœ/ÕqEýlëS7¨èÖZ8ÛbøáŽº¡š’V¡%0RbÚØ9]ª"„ã.ÎÝ
GjœÌ¬ëEŸŒâ#/q‰Átª¿²»Peé¥ÙN/‡<ö+>ÛbtAgô¨@!<,-/žô_‡£¬ê¿Õ¯þœ CÐ]4µ%ÃCnª’)³Ý1§Ý!CBcÑgž­žQg9jTÚõ¹*”Né^&ÆQÜW[
qgt~vÞûüH>A	ðDîãƒŽHÂãïaÏRNÚÒÛät•Ý;HÞDnÜn«ç€âjä°jY®¥pä¢7¿
:+V¿=ìµQ<¬e°ÞýK?Pñ¨ÇW¥ú™	¶f¾‰”}¢äÂüI’n;8ˆÅ^'€…džw!'„}Îº¬tõõÀÝk·kuœáØÊL}{‘·Â–ƒ3;ÂÎ6½x®·]/s…‘Ä­>ˆ¿ŠBYwP3®+›×cœKgE‡|R]
¶úý½Ù2ŒŒÆyVÎó€GÛ+Çõ`Š˜=–õÜì}Ìsüxd†¤/Ø½ˆ`ÄÎúðc:Yš‰ŸÉóˆæÃ®í…øâRÅäŽ¹áäÍXï‡&”^Î`º7—™;Êe…
Ö¬§'$¢ULÞÐª<æt‹ÌË^ÿ…åØ>È©*ˆh<-ä<b|ÑrÞ.W¼Ìòž5øk:Jå!7®I
ü3ÆÆ(­Á›³býƒ%`Eî‡`tæÚàŒ,NVÇÍ	1q£0e¹¯×áÍ¸^>˜nê/@®wÏ=Ôk]',è²€ ý÷5{ƒÅUßôû§ªÿä—²;T¦“Äð~lH*DÙxû oMý9Ï •ºÏfs0â­èˆEUëïé%6P2A1Ú§1ešHùÇÿs3KxúK|e2õ‘ËHP±òÏwçÕ4§(ššN½Å‹PDÙ‡3£$_lß´ª¥ÿœ&«ºòt}RŠºë‹Ö‰.Ù_( F`¸ÀxÓ¦â˜ß„ÎÀÑL!Üu=÷‘¸‚.ŸÑDÒÀ7 !YìšPJ`¥¦ÙR>4øú$æbùVKzQ$ãD®Þž¯gìC¤¶d˜k£:R(8§C’Éœ+p¨IÝ”óŽ»cOU(üÈ‚#:7	3“7Žfi–cÛTù]ö,ªœÄm`ÿ”‘9Voj€ØjqžRˆ²¾`lªßß„«ªõT;7FÒ¯¸ÎÚrðÞbE“¯"{
ÎoDºô§±G=—ü¾h:IôòS`äðÑ<ß ÚšÝ´pHwúksEL7­ùSÁ8ÿ…7<Ý¦*;p¼4vÒnP qDò4²í4S î~¡iÏM°»Wø(@G)Ý&Ï«²ßå,ô†½¨ëæžkÍµ’Þ¸Û0]Žª.œZhÝ× 0žžF<shÞbdêfžã¤ad÷Æ”½UÇtâ óåöS°½à-q÷Ý‡-øGœ„ùú›Ø…º2®Õ‰üÝRúÜ¸}\Â¶õ7“HÛ„NÔ1þ².yÔm£ãbÒ/üµ\&Õ˜eB
Ú¾–Õø[=:{hå_ì%hniXÑ|”º½¢¡®ÒÀßÖ|wjñ’ÖòÔ–Òz[ò™ ÒÈ‹)Z!­6Û•U8Ñ,6ïiGr¥'šFƒ[ÂÌ` :Ûæž8•nç‡Ìqûù4…«áëy«Ì¥>¶Ø§ŒÃ7Pœ§XüÄ|Â-Õ°’ø©2—l¿Ø1°]Aòƒ-S¼%ƒ"5ê]Ì;B@Üxƒ®íà§®wÃÉajtÑ´k!D7r#¨³J5˜§’O¡’' ŒQRJj<²àdÿè @8p²Õ³šh+%GÓ×¿½·U…XqbEI„¯*½ÒXìßEV}P€=t§ÊÇüxp=MiÑŽe²½W.ÈÇ„ß‹;§×±iþJ`PŽUoà9'Zi¶K–ÄTµµCnŽ>Y­¿J	?Þ]Ñ5MÈ¸2‹ÍïªÏns_	,vðËm#VÖ#QºÒˆÊ ­”|wÉ-Y3oÄ7{¶ZJFò‘è	?á!žàklÐ¦¤ŠáÞœèJ^‰/RŽ³¤Ä{Y¢íKÇ=ù Ñ,¦ßÙ¾|pOÙlÅ¹FþÇ+‰1…ao-È¥{#£Dpò6{@Iöiˆ”D–aøa>_‰—Àå\ÿö«ÎßDL Ã<|e	È“®#
wþì•r~<soAœ™8—V‡£ÐÅöÏnÞYF_ßFÙãÜ!b¬eÈÃ*:ÅãØWI"¶‰(!Ü+W–ëhû¶…lÞ"œM@A€~ŸZ¦­bŸk—ígYèÆýBî{Ùþ¶ÆN3Ý›Äµ;Äs*).[ý’V|.cös rƒÒçÁôüøônÛÙÔI¼ò¤ø±i.Ñ1jŽ½oF:A&~VÄ@$àVÜò #!'ÍµÆ%í]ÌÙ¿b”ò°mˆ½Vcù‚¿ŠîŸ)ÍûU=+—@/ë)Úi#§ž˜à›ŸÑ(–“Ä¦¹€î9Ì¥¸àºNö4T¶ØÄ¿ù˜¾—$h»ÕI,Ì.ìWé³ƒ÷qzjsVRbKŒÖ¾¤’5ì~î“ˆQP3Ar½ò6¬‡òSVëaíâ˜z‹µcÆxÈ­	”9®TÜˆ»’œô¨˜ÛÂ[¸·„l
ûhö<…Âbg>¶Ù¥TúÚÓ$‰½ì£|’6I/ ~ƒ6\x6úw‚£ãöWÂÏÔCùæNjJÒàTOÀ˜®YU^þ"ßááÇFL1#Ä§™«;ÇmÈXÂÊ†Iò’Äùåqb¾sí¹î‚Z²¾VuSÄávPmm6Û!ã˜D{¯Sè;ƒU&ÂÃ~ZŠ~ðûo&64ç¸ØY¦0†6j¿:¤©•nfñ9‹Ð#j³¡‚s§©ó1îÀ9à³h$÷Ê¤šÓ’Éð ™jª!!áû‚šJQøÀù!i¤K¡Éö¤oX¢/…ÐbÒÛ2Ÿ]>&‘K¹FÚr²¯Å™¶'(juÄGÙòÀ'o¯XÁ9v¹jœ¦£ËDœÕ‚áY"«T"ÜÙú×ÿÒ¹Í	îPS½‹5Ngÿ÷$û1~mâ9¢Ý	`DÀ~ÔÌð(7VžÚhÀð·SÔcû¸TŽs™÷½^“®{X¯Z˜{KMü1Ê‡.Ûû­¤#JÈÈ!©ÃÎ1<£9Ç„&·ØW_~³] ðb§è9º}rËý‡á‚Ë¯ïœU—ätVp+XXlk•çš
Þ U›m)÷² Ç\åI›uoVŒ‡Â^T~žv¸›Î`¶—Ép—ËZÌãXæâSöé´×3jPîÝw0ÏRg»Ø_]wJJhëÆ›[U‹®mmú‘Ä””Kú±øf¢Ç’$™Bå®Ý=ðù‹7ì&ú£qx‰Mpr¦ÐYÿ±T“‚('ê‚(KS 3¤I¶/1•œº~{ªËÆŸžš;bþùZ¶3B±i¬©‚¶\Gà”“¡0à¾ÀÐ7¨©g~½>Ê^Ex¸+iRÃ%ñR
2 íFÅÆ†šszéÿlÞF°ãÎjïù›»çÉÿ ã–i‡d¼x³W6ÆµÜ|ª ì›+üÉñ©Ç›Àú‰ÐÖúÖca¸Ü†ø.sÒKåÂr·»é6‘UŠÖ?OâÎú¾§Ø¬½2£ý[ D I¹P™~Æxøs¥¬ú¬L˜Ã›A]\`ÿ Š;tÀåÃ:~Ù7©ÄÁÄªs´Är-\O[<Œ©% ¥¶liQlXÃqE¾ÿÜcu½åe_±Ê…V yqÔ&ëdxŽÌ”Ç÷ËP¤´ëÑ:åÉ÷B ìóÃbîT³äòžÈ@Äsi”‚~ÂÓðHŠ©ÆQÝSëw¸öYÙhá(y»RÛã×Kð?“é£éíB^0Í‡T»¿ñ7E\¸÷&•ƒaK¨È†4ä¢Õ:ô(JJì‹Sañ‡Çy-›®Âa4þ(vÛxÌþA0VCÞŽÑI}T'Ý¼ë,È6Egá(mLˆâŽå'¨ ÿ]NDÜFÙE^ÿª17)hô“NC$â.[:ìá7ÀD=‰´€´•tYóáãl0´Â¢RHHßXà‡&Ñ£bç\R48õ~v-¯½ªnÍ·Ù¡DrŒÌpüò.ìÄ¢û˜°ŒÕlý¡
 ÛB×ÄjÁo šÖ	šˆ%8À†,]´÷»åL4ÇR4äTeíó”ªb›ÊÂÓµ„¾”[O$’~íeŒžG„¯f±11ÞŸÖuS'`ã;Î…—¢zb/»*›pñÖGý7Šß‡ÂšKRz²¢õ¹fKwC­9¾Éó%©Ó_íiU°…äç8=bpžshïƒH`hÒÞÒ¡Á®m5¾Øx.6n{JØ?rH×¤ŠÉý—dÑ\k¯¦[·J€àÃ3 ^~°¨:ZÓQ<|à|¿¯)øòÚ*’E¥@û‡£Ým\÷õDÝæ2Cÿ``™é¿|) Ì)…z¥zT$l.Ý=²©U2¢·é×í ŠJyI{ˆÉp›Ì*%r«£hþñšÇ;9FUuNØiMEiV¢€«- ×ß<e³¢AÐz#
HAY“E1cÄq¿$r½ƒEFŒ8'´¹=¢¸¡¯Áãºî‡Bn‚Ì!'‚¸ZRf™½è©Ÿ¸!”M¢ªn™ÊM)£¦0Ö‡{n­j)ˆjÑ‡ÞîZÊy’}§0Öÿô›‰¬Qùó<YÅÒkÂÈf#)%ÃéA…„2Š[¿*¨DØ
ÂÌ†Íðò*Á!MJ×»ÏJ~2|uÀîéÍûw“ sM•Í«:« €N¨ pŽ²8óaS¿ŸéÜHg"Î‡|Îÿ`;F©¯klåVè‰-·–×NuAÔ7ÎÖ_37’K*:=„íX[\o“¿Qù¶Ï%ñ/ñRG„•Iq¾Ç=€öï„<n»ónÊ¼à&+«>ŠÏ.E{EÞ”–:†3/>¢íM¸G8†5	5ÀÌ®ôF˜õ\SGsÖL¨.¼Àùú€ î—œ>ˆ=‡}±¯ÿÈ¸‡s’´ƒ€M}P³D{âQÆà&)ru4Q£öÀxt°é ó¦—ì‹kF‹	·;…¦Ð$€"o	²`+M.¾¦bñ6yO¬6àãO?%¶Z?Îåâ¯…‰emËüOW]ËI«byD!YùHÅÅéý–•öáU–ÁZ†¯ÿc­RÍ\sÄê¢Öµ™îbN	Ô
9äçxžQ5ÒÚGÚ!„1+
ÉlÊ©òšú^úBñau1#ÏÞ6RWãBU¹hô¬ôÏ	_îkˆ:!Âó‡
ÓÔé5VÚÐÜœ°$h«êÃ%âÎM_ï¦„¶ZoVîÆ&µÝ½ ~ý`= Ÿj•-‹¥h¾§jõÒGÃ¡+n­³'ô‡žÎ[ÉNµ	¢Ûò7zË§z{Kt„Ë£¦ÐÚÜâ ©BåÆFž›…E¹0q–m±Ì×:ƒ\ªN\¯×O‰NcÜØ.Ì*ÛÏ›ÿöÒT@T?	]"Ñ€¦îãTÕ›
	˜Ö0Â•_“ä'£úi	»¿íÑ zº–ÁÇÒ^ˆGóëî=¦Yë<;=Ùºÿ+±ZÒ×Óï·i?-k«TšcþUtœˆP³²®(ŠS†'OLÒîbØÿ	h–O×ÃÎŠ;°”_hó|,£Z>~xó«.JøË¨¶Êj<î>üD©jV^˜[ógãp®Ît`´™†óù˜C4A›½ÿí :¼8±%v9Öæ)þ–Úågk¼O9ÐöåýšÑ#Í6OÀn0+>‡øVuËÕÐ¸Kçˆ55«
˜§¨¹39¾hl×Î•L`)fÇ ¹eÉMñü$v¯|BŠÏ¡=²F˜R4œ²òìI°-ë¦–Ôiƒv¾$¦Åjú'È^ÎçëôIríPGdR°´¾–¡x«[ŸQÚr.Mªÿ±ÓP”ÄL”åPâÏ3…ÊG|—TLd8´áØŽUªŸC§]&þ˜sù}äÍ [™³©–×{ãï¿?‡"„ôÓìÙß6™Á])àc®!Î™7Z58ÕkdfgÖn
•ÓX!SÆbåõü^‰µî¬oKWy"Éïâ'°$/#'‰þ-Á!é0LÄD\ð>½7¤ã¾ócWˆZmÔƒ’íÓœÎ²¹‰5%&ô¬yG¿Q ÑÂa>»V)œûÏÌyúìý¢hÖìä´´ÜøX§Wó·£Þ€+V™³6IÇ ºæë›Â“Ü,š&®Ð#™°›¼«ÔcŽå;þŒm	Ùˆ¹¼U’ohð¿ÁùÛW’ãSu:G–™|)¶ƒÝX¾Ü}¨§ÍÀ›ßx;å³q ¶—5©¢D	ÂÕG“yE5!w-Içim`Zš;%É³‰Ðö àð9md CM9‹`ë5ó6²sj|bï²–§ÑÃÎz 	DOÀàÓH¡œ7Ø¬ÔÙ§\?ž»¬l8T¦µå õ}WÔ;˜²K‚©8žéQÀÓÇÀX‡1Ì™l-ÈÍ%°|bŠ¹}JÅFsY²4Îá÷·²³:¦gúEPa_#‹Ö^â7Þ4Óu#§NX¡Ç5î}6Wþ|î'Á¼¶³Xø€Í±
u
G^+
pj«	»î÷9´!4+C}™ÐpT
O¯¿Ri|³Ý*‰åëqˆ„?Ô’ÿÃš“p2ž7qnBÖ
3˜%ÊÎ¦ïHPÑàt±1Kù¦€‚º.p'D">ãêxÌ, K®áOÕ@%Ô(õDÅ"á®Êü«ólF×$<¦ÐéÃP¸b-Eð¿´KfžÍ¯¡'½Žéúüs**)²»úSüCÆ¸= êAùþl¯_-âÑœjRõç9òÂÐ¤ÂÑ(b^îúê4îÍŠ¥0-r5¿JEø»LFw¨i 
šîZŒƒåEÔùxÎ¯8ßÉÒR\$Œ®É‡àŠàÙÇÜìû×•ËP2g¿Ü×†^+™¦“âw;£=«ÃE‚_XÔwj³¬·<îòäô+eË›÷š¤_-i¤JØHp{Óƒhà)èó¯Äp›Î¢™PÞ=å¢ñÍo°9í³?<ÌQ¼E­¼·¡ Û¤ã,8u‡Vß%š™tns¸xfSƒ/íV.p‘@VWÇîE ¸—EIð¼{B`ãùŽ‘Ôiƒ¶¸@¾3Õ>»‡Ä7 ÙEÁ¿ú2
Ñ¥ Ë¤G3‚M]‘OæHˆ;ŽôÔÝ0¨ìTØØ€KFNÚø)|(‘ðòÆAß0 ÖÎÛ>û³Y0·1é²Ã|lÜÎ?vçŒjW ¸‚­eŠ'ÒnÏ¤m7Þígö(vüoE=³ò #U‘Ô¥|Â^Øà¹ƒ%a‚aÄÔâöùì“±bÿ8ÑjgÅjÀ%¢Éi©‰êØ$ë~5Â)ËÔÄåÃ:ÒÏ¡Á(ÝcÁÖ2N»Ÿ?¤‚¨óiÅ)Ô*nŽÏÛ\XßN`æé/ÁðÆ:9½<W™l<…aÛcx•¦÷•}-jpU­?[ø"R	<x0XžÁ)ôñç $å4jlB­}vcWƒ®¡- œ€ÜœD¯ÁQ¯[-Ï›jzµ²;$"ú½ À«–Ì-\Céóïž¸Ày¨-CÂ/ÉBšóîf½°ÜlúÌ}öCƒ^¾ÇèjªÖƒzÊ-§ÿ“uÆÈKãÑ4çr|¬jÁÛ– 'w4ºLsæË®åby(MS°£?;ð¶öDƒŸ¡í²˜È×íŽ .Z%Þ^ž›Ö¬ÿ±s€ØÿîPÿ8µá(çt1ÀÆ×¿âFÐ„ZÌn´f¦:›Tù«	8[[ŠYýsÆ þ&3šPç U¥©ëDíq›,xªî@(áçR†·"i¢—©Ñ¡ù÷<¡<¾wñ’ÇJŒÀÏu—¡Æ:™^Iazn?’Vå‡j—4(sJûzpãzÛøTõáð¡Ä#·°õ”zÎ“E-µãäëwYéz%Ù—‘%F!'œñƒS2®Çà0¿ÝL®Wf÷Ð,XÃÀT9vpÇ‹9Â%VMš)RZ?cb•]5‰4FÆ¡8êævhOkÙnmó {«v1áRFÐm²È¨Šðši~É¥úâ®ÿp,ÿÔìSEQ´ôÏåHèJhPÝeø¯ü2×7Üà=Àò×<*¯ÈîÜüŽzÍæÍ#¿ùŠ“<—Õ<²‹Ší¾þê\iw¬Q^îdbÀÓ~Y‚é¸aåšþÚ`˜ÛÀ¥µñQç6Êl¦ÛÈ8f2÷„ÍPJÃ$ Ÿ„sÂ}eùp6—r>/}ìù¥þW0ŸGš0!$1ê7 {êãAÑ2ÒÞ­O¹h¹±¯`=ªRÙõ­Xvš·ù}Ì^‹˜Û`[ A¡¿ RT~äe\³þ@¡~|²Ðß}nõ2‘y,Å^†˜Y®ñJ†Â}º¼8YÍ›ñMâ"5­Âeµõ¡Î÷1ƒÝ|Ò£jåV êÜ(Êy:5;°»ÀõN³yŒ¢-²ñ
sâvzªì¥Üc/!ñ÷kPÎ;¬#54>Nø‘C±}}&Nô„é„ÌÄûS(zB(ù<m£-E>Ì<R"‹áŽ­Ódèeó’ø/(9Œ1¤[ßX6œqê‘fuÉÆ•¢˜ÌîPw+öµd« Üh")ƒ–³ø|­Fî+M§è‡
[§—ú47d ¶$À×-\ºÞŠãÜ¥9+;e‹Ü5>œÖ°qëâ¿ÖY1ô«ÉÃHŠ¤¼ÿM.ºvAÜÈ'T™‚ýM%¹è^ ¸¹“;k~ø2$K¿=F—l…´a™¤s‚E…6ÜÄ ]ÉêX4+_éLç•¿ôê³~	&V-õî²°âÐ €Œx®Îk›ÅhfË°øØ­^„€ÏòI€8IÅÊ”‘tœLYßÖr>0·î=Ž
=¸:ëIk,ÑJéQ!l+ÈL² 0b¥ö¡£Pâ0|aí8ê “§ÃÔyMxnfŸ$(±«M±–L{~o–¢…—øŽua´ìòQ»_|ê‡¤Â˜£YÃñþaAø¹Œ—h85?,©œ3¢Ô¹Å-<¨³ÙÌ|ˆJù÷çÉc]Â„¿J½çó= RVòç°D%0ÁTƒ€Tõ!W¬>¡ñ¾KÿªÞZ¦«+ü‚Âœ„[lwÉ¹÷±Þóüž‘ð»V±­›ûÀ™°mlkM@é¼¦ß1HËÔze9œú—ö=«ëÃ(SaÑGË",ÅŸ*¼øŒÚ÷íDqj¯Á¾d—KüÇéf<|”d«4X]…WØ†Û\-(aój–Þ=ÿý£ù&&îSáõßðRúº“ÜZkTM¶Û5«
â4Qí¿Mù€’öpˆ¿únÝK²ÂPR-ÙùôMúcF²¥›LTND·lj‹n~XÕƒ	L°wŽøˆvéª?ë*O=‹ewbVi~ññv—RÚØah, êa&f¡Õúl²Kˆêg{%ÝD]½ˆ<°8kˆµÁ<~ fMŠ¾r¾îÉŠb9mŠrˆøô€éƒ²9Å!_]ïyÔkhá=>Ê¾SR¶‡–”0i±Tèš¬	H}ÔÉ=zjƒÅ›=çé¡hÏ>yîA{€-úâ(hüUSË–Äõ¦ÛE…{\ÑûEXæßXI1Ú€©ËÀ¶—èÏtö—€‡îù-Ä–,…Û‰œÐp™bªðÁ˜z[.’¬x`®¯éÇ#Û2'/ñtaÃ€ÅÊ»F?:	Çñh¤¥9ýóƒ5ÏÌ?EXãiýÃ/2«F/pŠxû‡G£ ,˜®ü€‰—î3d½¾è»öŠ°5otJGœë€ñê/~qö1íaîPŸí¡ôÛ@ßà÷tzÜûù@Ô?ŽœçURuîËH‰äêÊž7gá5Ü€ÂL½	n¿>•Œ²!Àr–Å;;f}ûÎ²«¦ÚË«1´ÅÊp©LL·ûÜ~¹ªàõ0Weû=N}F©Ík4k… Ð<äKdxÌ;t>!peRà:“ðøŒ/ “ô'<œwÊ
%5IÌ·jn¸å!i­Ž ëŸQy7ûö×õz‡¯±×u‘3'ø¥5bSÎ-£ÓD;gVîë[ö26ƒqd9c|P> '}îtÑ´ÛŽÑérëªƒFé2f´ä£pƒ½C¾ŠÁÑRþð©l—Ä‘Š¯Œzn«òµª=/ü -—T– åi?sœð`6ƒ1“ÛF7ÿø“a·ß>o.ö¼5P…¯„|vm°yöG3Û¢dø`¢Û†ºÖÔTU!ŽâFæ-–ôGEW„'ë¥îa(G]þ	Ø7Ó`S~úMOÒ?$·VÏ;-qXaìïœ(pe#’2ÕQ´vé§Ëèß%s£cmRÆù<žf8N~Cx¥–I"Òf×2%=³²‰Ö‚Ñ£@©z†ôÉˆs¨2@T§ÌÏ?:œèœ¿…ÈÔ·ú¾¯©M†¹ qƒ½´QC2(wœfœk“Y}ðÔ¦ªž`.œNö¢KvUº’¯»:qÏjçx€µn¾M8¯tÃ[ä+†	…Aðë(›½òìµ³¿Š­šâW~b)<&a{½ÓÔm­ÔŽŠ)VQ¬ª¿;ƒ}	Ù§d
×"  •B|„¦mNŽíÅQÙ¥æúÈb6»§Û´CØ×Š†iWéà|?,ÿð=ë‚;ÍÙ‰Uÿu$é8ƒðPÂüÇ%_H!,†0âþÓ^W­ª}û]†@àK—ýnŸÀ!0»ÌÆ˜¢1ïˆ=?dÆÃ¥¸™‹»HuËœÞº×¤Ÿðúa>À”+‰ôÒ¯_FÃ× ‹maÛÚ½½ê‹JCÚf¤/à"'0¼E3”ÕÙ“iéªæ4‡;÷$]¶”ÄDßT‘” £ucÁÌùÎè¸;WXÉf¹æ‚óküö¡öðò5ø"êòô×¤×ßÙ¦›jÊ`iL[àÓ›¸EŸî%VöNL¦|‰Ø—¼îñðcaá3f¾ó#÷¤gI6{¿$Æšä"8„só„
bÂ&möÖQ‘1á€Ô‚­#W9Sö=Œ°”<ýå<½xëêkú UÓžTÏc‘9¶y]·kÊùƒ¨%âÚÁÓDšwhµ£M"Ö±ˆj„Ú¹— Ë¥ƒmqêÇ¨K"viÌá•4ÒdÆ›‹Û\Èmyl`’Ýa43Ä¤„ÉvÄ¹|*ú»ÁoµÙBéÁ^âÙHh¨	°©MÐïzWÑô‚bu‡uUæ–aY¨â¹Ìýi¢ÞÙÞã96Þ$¯Å”ô¸¾¸LÊ;ETÕYBÔñÜ<Õ@Î†€
Ök† vc17N¶ŒGÁJàž¯IT%žP
¹TåXî¡[#˜$Y7ýýâÈ¸õøÄµzÜÿdÆ&fÈÚ.Lc„ŠEofô¯Ößƒ:ÎC·ÈÒ³h
ÛÃúŒlŸQ’
W¯1”ý"Øßò«Birî7|pŒ²ZBîéjZ«vÀw6'ˆIMèaLQ½ŒÔ48a*@f;Ðl=éfeJä¹q	Š8œÝëHVz{3Ý^‘§p—ìf>ET3,ââ\Hü?9‘Ò=íê‰W©ÊxÞjcø‚~¨¸èX;"¶øÊ‘¸-Z³ÑWî™ ã·ªÍü¦5‚aøU2§ÉYÂi”÷Ú²£^B•Ã8":»ìw¤ÅT{ÌÁªhäq˜ËjF·$|”ø\Ú¼Föëi|æN\\%)1”!¸gwÇÏ¤»°XpÒ/'¼8|!#Í‡#G ŽÈ+ßƒˆTw qâÍ,z	„‰Eko¯,=ûW<4±/ÒKÇy³õ¹¢ï¯€x_ÉÁö¤o'Mß“ÙS!èN6&Ÿo‚ÓŠü¸#h©xÏA„©@w> Û”ÃìµO4¨„wŒQ@c!i¬’p~Wx©žÕqaÛÄWfíÔ-á{ãà·†Ÿ7€þuO€!á,BØY°g‡ÓÛ›1
D«»Âðåæ‹-˜Øwr±¤M)6íQ¨˜·ú»:˜—®B³læä]eÏdC)ƒÆ:É–­®íNÁµ©ÔQ÷†Õ_2K÷#ØÖ\8a™!¤îùÈÊDÎ¹I+¡9yÑÔaT–*d¹1ÂˆüCéÐD!°
ë‚²îÓ7ä@ðÚÎYñÑ¥†¨dß¾.5Ô>…^’:EW&CN? ”«Fœ'Á¦I±©F•ñ´½óÖd9Êx;-Zò@Ø«Ç£,úqÚ%Àæ› åçŸo}ó?­öÄU$èÎûù¡±U¾ap³
7=íY}äakyäÙ»H¥2A'ßàƒ®–­Æ’\ãIè¢¨ÇÜD‡_ÃRÉŽ-Ž>».eÉ2š»l&qR;²KãÜ¨8Ê½Xq¢9~¨|ó¼(BÊî†‹7ÇÖ4|K%”øÙ·L»W?GokÛG*­¥§íÆ!“·Ú¶§yÿmóµêæyÜS¶8êµ´]FzÔ”™[¬üœ?êÒÂ}”yé’8¶RnÅ†S®ðÓQ(J—×õP ¸¡°ý©ß$y¶Ç®Ï¸] Ü¢±è¶æý¹Ò§=ü%£$™+é4®bFéàãÊ£ƒX*ñu"W¨ždEè“n­»–þQ,E7îÁ¦Ýo3.2Á³1©iÄ±¥ ðsvígê·t:3Äã}[./)š(ÜaIbT%ç©îèžNžµyÆb&š×ãN(;˜æû¯Tø;mNª@–W8ë#ì‘/ùáL9wÏ+öLjñ3 Qæ¯Y¥-õe¢è2·Ü€Êåé›>•¼vd“¿Õ[&Ã<ëWÂUo(c‹@”KiâK)±ñ*€<É|3•øóÒSed§:=E~¡è8Au2–©¦e²QØQ„=ÿË£|dèS‚ó³g=Ò'Íþ,ÃT	T˜Ÿc“ÈÓ“g2-õÝ“ }ç!‹&ØTÒœ›x:ª·ôçfXÖ((¹Ûj–Øñ¼hÎîëÇ•þ“n¢‡ÆÃ³m<‚ùHÐûëš>²¬Ëm¶=ë€Âb&›Uu.l¢–Lž+™’èZújðàÁ—ˆÁß›¿¤³vlwœdžaWWÕq	Yv‘ÔåÞ} 6c.ƒž±ðšŽèï†\UÙþKE9ø>êž~ÀËì!«8“w¼ï¼Á637G0Èä„^Ï"*Œ–#GÖ|†K³l@°qìáÓöz ¥Xö1Yàß®è)sµÜ›ƒÏ,sË'Äa~BT;%°””1ÇÇf˜än
®î`Ëa.U²,“ãsyI‡÷“h{YHºÂáü‹Flqj»/I·Dàz ÿ¥Ïé7TbžAQÇMèY¥¬åpÚ©ªyOÞ2íÕ©Íñ¾õë–Ž´2°ßÉiÆ2Î†Žãí£jÙâ­•è5QoEòÖßM%è4-$½U?b'šÆ™-ƒ…@x|rêbÿ·Š¨í×>c µ‚Ãþá%óA ø¼ªh§>Š Ûã‚üÇ¸DÂIèº×ßÌ9	;FPfÿS¾Òä°­TJ¯‘Èfy}ã•b‚LU™ßL‡)/+•®vJ_Õí ê•5È/]ÀEæ|‚V~î?Bw'@X©©Ø{šÜ† ðÖõZ·ÃµûbÒÞF
3v	Z®†Íhá
CõY*!:_™ÈOo·üç•*×úÓžÚh1ƒoÅ,ˆ™.¿¾GgM©Ä¸Çªü¢Çæþªlö3èøP\O*xM¹\ækº]¶æ!·M¹`Y6;*G7ÑÑ8œ¹ñð’“Ös¸½ÇÚÀ¦ï²“1•=ÌÑË¦¨þ$ÔH[ÕãËalÄúæ.¸öÂ‹Nl ‘;T7bºáTÕí‡½CSå¹ŽšÍö/G£á qþôçBí‰~ZBƒŠ–“‘¬äÅ]‘·«PÆx°	=×hÈÎ Y•JÊ~ÃêÜY…* ‚+ãX^"Ú^Í È‰:2­ó~ØÍi5éý|~ùßŒ`ûÁz»…c¾ç‹.ÖK0¿‡:ÓÑ¥ƒÂ‰Í%ÿx²Rjû
‘ÛïK‰Ø®e*0:ÿ¥SjDÁ(Ôµä.÷ßPÇ9‡¥Ülga_èuÖŸæ»ãó4$’ŠaØá’:6
šø¨*©aï =y‹¯z¿âu…ÛÒ¦”|}Mèè!7LÆ*Áva^&aXÃúP5!ó¬<{£Îö|[FÓ¼fCTûGÏƒK[€®ƒün¶öº:¶Æ®Í“D£vž½H2|•ÛtªoRªÖòi:¤±a·°ñŸ9‹¹tLŽh¨®ý6é÷ô‚ÍöþI©²¼—Ô¡iÂœóKñäøskUÜŽ¢ahNâqâ’26š.gW
C=Â9‰a}EÆÚ¼òAåÁYW¬3HÈýô<Æê3FP‹O#<+/”>p›—4cmŽknë!ØÛj¾ú_ÝôòG/Œ¯>ÊFb:jWQ‰Ó›eh5šrdZ<Dt•LmÓk¯ÑŸþ`î3=3ìEÎFh¾¶E ]Îfž
æ …û¶ªˆ‰7Ï§ò¿‡»û¥±Ÿ'1u—åNI
{øãávÎESNDyù²>—èÒ.œg×§Ð€yÌÂJ]zô45±’”Ó‘§”ê-w*û€	E[tþªå aÁyú³zÑ×ÃËÚ0ÓÓ´EjU,¸vQ^Æ¢ÇÂ¬¢%A¯ÙUès§”A|Ã-W¸û—gåTLÜ'”•¶ämŸ(0zÂóùø€÷DœÀQÄ†ëC°ï÷MEÞÕÛFš™¤Œ?7s wËmPEŒÏØÐá~øƒ(×À®2Ã÷ny÷ä¶¦¶òÐ<9bèðÖÇùQ‡Èä×þß&¦M’Ýç«¢Oßy]bîT€ë®O×óS.,pê)¸‚ŽàÛ"üøŸzt¹…UjÎË½±…a l¤ˆ¥cË¬§¬¾†¾òÐ±É__Ò,å‹“1çjá\î8î°ÐáÝ;`Ãº…{<²™5ñ¥` –ý«¸¯t |·‹–[IÝy	¾—Ò¤yl„äå¨é·ÓGÕøãMZú2\3CfÏµ
z–trJÔ´„Þ9–ïv!ÿZiG]^¦7¤_-ªºŒBbÐês¹ùÉ±CY%ì]˜ xEëŸZ°¦ñroåº|gUQhã£^,ì‡âcazŠT×Î@v¿‘Ãï÷Zðã½¬,20EÎe;ï–”:¡ë»ëïôñ#™0ŠÌŒñð”#ì<W €—MiÆSó‚]É»Îòðr…’Âut¯O“xôžÁ¸ÈG¥¤Ñ³ÌPÔ®{¹ùn„ÈòâMÛäÙŒ¿ÎøzgÐUAóvÕ"eÆEj;X«9ïìHB‡& Í˜YöWè[Þ¯CÏ› 7/9X–œi©e¨4Yíî.Ín=k‘ïóÁ[åË…Ÿá©3u#/)zCêÎÈæ‰1ÈˆäÞÁÛ@ZDùÄrO8ków†Ø0íŽôèÑÅPª3ÇŠ}³‡~fm-‚2›Hpe¿™xEß»!;‘…‡E½†7èN­ð$@«äÄuSzÈaP“<‡›èz…âÉ2^„íÈŒY ~½V­œ“Lôå°µ³]—ˆ L«°fŸxÝq#u{" €¢å°T¥Óo‚(C-fþHH'Å`²çÇ¬|Õ2‡ÿa›•f÷Ì½ýž­¡[®NÀLO´JµdÇ÷±f'†Å&ò0p§KÖ³Í¢ªÈS+i©Wð¿ÂM¹›Ð)v“'ù÷ZaLÙËtˆÚï-¾“Ê=\@,–ã+­·AÚj¶ïø|Ë<.³»9¾åFö¯$d
[Õ"tªLwƒSÄ
:i‰Í5sy`,Â)ðà_R1¦Ÿ®‹õ;áöÆSl¬?p$>œû†ßÜYKog•à—iìcr$ç”7FÅ³æ	ŒWGÁQZC\A§;©C±Ô‹‘A…åy.µTOgÔç¿7ÒÑ{¸ÎS
O'ïÜlùÎµ¿Ÿ¼ŠÐ£ B@ê$À`9¥Q«n‰û—àÑÃ;øÂ»—ÿ9‹ê4Í›Ò¦o¹‡PgÍWH]Jâ¦ø}ÏeÕrÝªiÿJxµõ»ô*•Û²1udä:RtÊl¨‘”Ÿ^
ÓˆÏè´*Ï	Â²+Å;´» •3˜w@½–Vä:6!?Ä&u¢Ö‘F­R=L™U&µVì+‚z{ß:1¿*{ý¶³¶ÍY¥x®b†ŽÛ-Þá·È9•¾qûá,Óæ±olýN.¶çÕ2p—½[×CYmr!•<öC!R7¯n™¼Å‘˜—âÃè¦àn¦urE‡òGæèŸ±`>Dõãoš/t¨î­äžÐ&vŠ°Ô(Ðñ„ÐñG™ÄÛ+‰‡ÐzÔ«™<wp¤³½šKG¤×È2¢<‡,ê]íÄlA¡;×¿É'XG”ó¼{àÝ°¾-ÊæÎysµ”5åùcúëGÃa¨É	xáŒ6ž1ˆÓ.mÞÎÄtßMTrvÚÌýßÞò^àŒ™zuKÑá ÌŽ·²8Íy‡êÌû‰UIü­ERâƒ¹ïl$)¥5¿â';z~Ðó%#:ä¾¤°À†àmR3ôþÏ˜oÿžzYé3ù<è	HÛèL–ë1ÚÙ-qÈÎy¡c)Pý$þâ´Æ×/( Û>sÆ’›MèxòS9U-‘EÔÜï‡H§ÔžoÅ\MÊh5eEeþ˜vkH±^ð^¨˜Î”`;›¾ú„n§»¥Ã]êøà¯-èq=
èÉ¼ä¡Õ÷ÙèÊÒÎÀI<ø£±AI¹I²r‡ÉRÐ‡Fý¤ÒŸÅÞ¢+kI<CÃ4®lïJ¢·{ Gä¸”âæ×î”·š36¹”<§¸
ö•œ˜¤ê×‚‹ãŒ}f‘¶=¸ƒµ4 1m¢¿ô|Àžÿd,ò*½¡–áÖUPw&ø¤øðÔø—e–†_Ø¿¸Çe8W}{¹‡S¨£—Ì1€#kÚ%Å^ëF–ŸÇ²*ö$êÕ‚š³aÃÿËà°ª}›ró9¶FbãBÜNåäˆ@¡<Õ -»æì®þ­cpËGÈ®h$÷
O|¡áa/w¹/áµ÷¬¬C"›zP—FûäöëE*Þ§Lƒe½¸1‚î—iC­"U‰š`žEd‡e{Õ‚¸WÞbN“,Ü¥@fª~hBy’Cê^ XoN×†´NÒîÛ<òpÎàâ“ýEßÐQ¶Dða 	ïyI{”;«&dä«»‘/ÂQ¾ðÒÍíX™4ÁÞ¬›‘Ñ›r9„©d”3>?^€YÞ"Eÿ+’ÇÂ2|´-þÚýç§„*7À`å2“'ü†3oçN‚ Ö%+‹9I€û-˜½&[o‚b×Ã0$E•%\î7°=”¥ÚÓÍÛ_šEœnð³Œñ]KÊ·ã:ÂD Z´õç0·Ç³½gOl ÷>†i{>YVq5“ÆQ'25óœ¥¹{J‚+_ø1MßÞ¸žB®¢ áArhÚ²Ê*÷ƒ¶01Ö~ƒÇiU#Â ê¯ Š‡±ÿ¢Êú·á©r	»ˆÝ p¹¼Áá.{DÕá›[F¦¨`«"#˜âd²ñzO2úÉH\—·Ÿ»¯ æ yŽ$z™y†%†töœ_ µUC7´¤°…ËF€çÕÙ±XC¾*xõ0‚@.<ffËCìš]·òÕ*éTO-Sƒ P!
Fi^­_o¿ø¥)ñŠ’«IÖlPp™pKúâ¼ªuÐº„êå“õ"—´f±pœµÆ<()…°b€ß õóVÊ† MIm3Ø›ŒN‡æià¤mu­<ì8ÊúMž¡b) çMm0cX$à©zÊÛC©÷tpã€ŸúMð©"ù]Ò;,~ß·³+tMRNÛÓe2G®¡
G	ºÊà2“ëBÄzŒÁkuù¹!5Ì“¿ v«/‡.Iî®åžÊžJ¡ÂrvaâÆî}–KN,÷F#ØR¼ª›ß…¨wâõ/¹¨.+@,±üúŽhp¡%žGx>cïõ¯ƒi?¤_ûi'ˆ›lq çòñ•"Jk’ž5MÚTL`Š¯£#ªÓ2ŒM[¡éð"›Ï‚½!EÅ°æ€ž%5†AÚ‚—õ|õpjÑ›'7à†¸Ù<‹é×ELföWþS¡ÞÞiPø×>Ý†Ñ” 4{øBißûv6D¹O]FQ·AH_ÏÃ	<³N˜Â>gÛ(…±°×UQ7ÐdÉ_®ÁXIñî?Ê…ôÝÂLMÜŒçÜL{¯F¡³î»iiÈ¾»#ŽÖpðúY{ÂCƒ×éáY0T @Q†g\PYEª{vAÜ^ø`cp¯’p!~÷uÂ†®Ó,¡ÎQpu¼Â®VÃFÉÌ×ÏëµÑ*Ã'Xš®M‡…+E{§’»`iá%˜þ(ÌíkŽÂK«ÿT9yâ’æÊÕt•ŠÖ¿ºAqÒo¹pçoÁèvÂáÿ‚÷lc¬S•{†¬ûHc¡ÞU.TånF9%YÁ`ÃÖåðÏ€þ–¡;´=cg€Ö–bé¾(”×—÷©‹Ý®­Ñ[¥ÚÔfMàÒ…“SÞW&5¥G ‹T(”Y¿‘c?ÖÞ+8¶ùJÏD¯³ÝI¿î 6¬¡[ øÈà¯ÏÀ!Q15]‡É,w¹“œ³Z>öf›c§«À~7M–§aïg õ˜jjvŸ8ìÀm#z,€ý¾¯v™é´G`L€E•·gÕc’±ë¬½IG'+q¿0‹u¿Æ^|#
uS«Ä7ÝÌ<USø¦ˆhôÆžé2C"yž„ex}(ŠmŸö0ýµø0Ê¼º@~,yxo ^ám‡¨t
6=ë ³ˆ)?+)$#Þ¨ú<•RH15äïë_â¹â×bþ‰ò°O•´.²V3ºÙÑ§kJ,aëH†B/˜ã~·¶ÝÞ2f;¶Q6aÛ¡s˜Ñ„Kÿœ3U¿ÚEcë"ZC-¹žXM£…\;¼¿×Ü˜Ù^”³Œ˜Ù¥Âñ,pžOæ<“ÜY/^Å>Ê7½ÞßštsçUGÏÙGt¯Ç€çãº[@î(›q’W s(‚pæÅ^²|:f› Ûd@Œ€mYŒg!Ô+/†•9ïûížâÜâùxNåxÍ)\å˜ìÐÀ\66zÈke
y¢Ÿ".S|™Eí”TÊ>YÓÍbqó$›=|\ÜÈžœ¾ÝxÿK¹¨Œ	Äë3ê¶´œñü}V1QNjeN2tÍÜkL+ª¯¹ûmÍŒcWxyØYÕ¸Æ`«²ô~ /ŸøhÅ%$íÒS'1™o¾»°Òte?Æ›°BW¨Ï"¢» 'bx^û~XPåÊïM§ˆ;½¥ý·:Ñ>ùÁÖ†á`å¡Äz¿•]Cñ	7ûFAø¬ìëk{-Ù*N—b"e?oKÅq¬0Åà¬½S-Þ§ù½¹‘ *®÷«‚äÏŸ¢%)Ì›¸¬’(¹£kM±‚Üî5Ûó)©ôÛÛåŽïfÿUøÔ	EÏµT ÞÊ8‹Z§5!I½µùh»(%vÀ›J½¶—fiu„žž.\¥­Â˜~	3j¦ÑÌZÑÍ—F¾®x_2ÂÓ wÀ?ï‘æõ†ªã"
>©™%òE¡o•4O›Ùk¡cÎ$[5"j¢›cYkOa?²)§Åaû°µ¦ðshðJ™·|ºƒûÁ€»Å°Ñ{ŸíM‘Lr‚¯ÊvÈF¤|È§*‹ùcÅ{ûÎ.„#Q}ØS*ä‘`îêš"_ÛÅ'#7ÎŽù•bußÃj[<…6Ð²S\8!ò8¸÷ÆL§>Z:_GÙ…Àˆˆi:ù‹sáÁÚTŸÒ}{ÒŸ‹"'UÇm©”©éáÇE¸k­¦‚ßÙï@³!&ªZ¤ïþMrÍ‹¤ûüw8¾eö›ºJ·T*¯Y>`©>4NÆ£Ow¢úD‘'Íž! 	¿UÍœ0úœ” q³Ž5S!„K:àÕAžÿBf
nlž…‡6`Ä¸î*ëaãpÞ|À©3-ÕwâÔhb’(†Ñ|Úë>|g‚¡¨wU¦ú&NÀ·ûóÄJN1E@),Üàû }öÊWDM?!íÿÆ@\[9÷ùäü5Îžzs¸«k¯Ä14hë¤/²ÜiäœÒÚår]ß²1!ÚÖA€Õë7RŒßxþ®5:¾{þW}‡-‡ÜH›UlHÞ+Öö¨2µÇüÁÂñ^nãGø‰ßŽÊdt1€jµÁh’þ€bm'úá°4Éõ€Ž¦}c‘á.bÂè.vÐ™r³LGØ2(Ž¿ñ×úGÌª€ 2¶1Vk¢a™Ë‘´g¯w}Û7ØrÀø†Á(£‹ÙÁ=‰vlÚêP+qÌŸVn_õ‚Ä9H	à –à†¶}KZyåñ7xUT’ôŽÓvèzã’A4ÁhóL¢Ùö¢d&îTö…ƒ[Ã)\<fîß¡TÐÿÖ’º^þ“K‰HÛGZqèz:¶`‘!ûu$Ø³†±
ØË—_þÅG–va±«L0X¶bƒ÷ÀÛ“ø4äú ßÖªÆª¤ï­ó‘Q½Ìyä32uÕßLé®E=w¹Iü__Ÿzz5ÑÔ#âdl?üGna'}[oÕç?ñ ÿŸýmS´j&±Y—Ý€Ãl6J))¡_€hÆ™åç»#Úð¼’écBÜ,ßµP\%ì;ÅÔ¶ f­‘ùÍòíÁŽLÖbg”Ë$¾V¼aþ·Ë¬Œõ4ükã.wÎ SÙ¼*ˆ{czÚ™t¦ ˜ô³`yœór`žÏÎ–«±x„Šþ ®T¹‘”m^ŒJôéU)£à2X//‹õpb3ð¹õþ®ôl)¨$±ÚD¾x
³wl¢Äó¹íÃÃû5]5^ +bj r–¡å¢bù3mÇdó"ÇÜe*b™IkÓI3O¼+.ú-{¯S°r'ú°tÃ¤n E<”ªœÍmjX(Ê©/÷ýY~Öüºf·†ó‹¡ò–ÇÖcT	ð™/œÙíPOdÂšzÞô(¶<9Â0‹mt6J †ïðÑºµ¯)fB`, ±öãù Ýžájqy¸4e‰j&^¿04'jJŒpÅFâKZu4üÍ{_gÜ•~:­Ú^¢IÏnMÕ7ŠÆÏÙC¯h‹&´>D×’•zL¬|Z›©]ýœÞ=EðvLtÈ%cûÏùY	 ]Wg%_aYG›Å7ÈÔ=–:ò°Ô4AôFNQKÆÝj¸!F¸2`§×ôéÊ9 ÛËÜ11†SùÉtqÕ-ÌŠèqÏÏôžWsí­}]1d ß‚Ðµ€”ïÍÕd•O(ÃÚ[bøBÕ^Ù6ÏÏ>cER@VXÅ¶{¬gŒ…Æ‰”XR—i°fù‚ðM÷.6Ô¯ƒûGø%k¢{²šre–v3e3¶á,—²kÛw­,ïänb÷Zxñ¥aûî%è5xˆï\ïM`ZfDÁ÷AÉ¬ó(ö‚i×;²æìú‰.š¶ßÁ“×KÜ% ’kº¤#f™'ïWÔM.lSíº¸Sò,Ó #!ŠL"{óà<Ø”2>ú¢œ%ÝuWþtDJ D…&¼„$á©ì1¿™•òò–Þ¬ñ¥ä_Aü± Æ;Çòf­¾(êøNÜ’áÐkD5£aµ\Ôsûtæ¥Í=×7BŠù´*‰ÚµpìÜ#¸@žpìé“»B w¦‚º‡çùþ—0zi<U«€½¶W¼é>80H~ôÔ­n¸çêÿ}:Á›+TÎU¥PKÙÓøs ªÇ ›Õ¯4
<†:’*,rI½È-¡™>3œùUr baY!Ó‘¦[&zš“µ…|ô*_>%íeœÈ¸x\ŒÕxn¤Ì<\Çm•^íe]vj¯þ²Ì/ÄÒÀÖÙ}ÿWeT¿¬B9?ÃsË|§tP& «·ãh¼pÙb:#ì
W£¿YqihRÇú|Içá]@ÜnG15åü×ý65@$¼d3-»`lËrÇéŽ O\æ¿”nà÷FG-Ë–‘FM	a)¨ç½wúŽ¼ >!ª:1°k)i·¡é‚&N}‚¢™rªºlFFäè6™eHU È’Èþk3Ûn/"ÕãEÌ1·iŸ9ßTj
. ˆ³ŸÚ{¤tÊðvé¶°îì‹¾æ›3ü_Úü‘R‹ÞnHŸ Áçi§!œã›=´ÁÔªô¼³Æ)“å>‹þ¤Rï Ó'|ØÈf½“”Ù0Œ)©Ž9Ñòv¬ç{Fü¼Öëžþ>¥n‚”àzØ©aÐ³ÖawuaŸl/;SmÍ"|Þu²#ÚA$Ù’¦×Æ—V{g’ÿ±•vÍ-oØ,H…¥­ÍÏ¦Û†{§2s„÷xt¼Z£É/(ñ#"=:·ÿt¹%åš¶ßGiõ¤r´çâ¹ ÿ7þ:èT†8¯6PîYÜø‰h*3­„áÓé
CÇ$þÀ›‡ì³·,¬ÓTÈ$÷;î¼6­ŸÛ:ÔGQ˜ 	IløÜá;ˆ({þ`8D’'ÏÖè}Y5Ñ¤ˆRÈd?–F¡Kà®Óúã4Û7áªRß©PŸ¦6­ªÔ+AZ>¯:þ³Pa¤êí…yD.nÃOÚ¹ÔN<T}óvçp:U2Ò6iž›Tƒ®ÿ?k-”W†‹©j´Î×\þÞÈ‘oDÀÈ*¼(gWÒ×5r•²ÅÿJºjõ+IÒ[}r›t~ý²á 7ŸÇjL¶—=w™IRö´BŽð_äžÎ±Ýa®+SnT4vÃe¢þÛó¿¡­&WÖë,‹{qÃ[)"Ôl˜Ñ%¤z ¬{¾&Þd¢®¡òh,èPÿûƒÓ]¹ím± ¯ä—\dte¸°Ò8p¤³»a‚¹xÄyví¤Å?gºˆòmròúI‹HÂÈ˜6TI}‘K¥;¡ã6`VÃt_òy˜JñÉk½Ûô£z5í[ÅÑn2YæË%5w†`¼p·EŠ¥·@*%Âùï`…s^x5\»µÊ€§Û^1ýPA5íâ†iëk;†ÈíÓýW9^*_üxÿ;Š-O3.ëcÑ`Jä~wÅDA+Gµç*	.`q>Í¹+ƒo‹i†sÕí¢¼µn#BáyÇä»« `¹ÀVç}MÝC,¹šçºêHl¬Ä
¨¶Žsh5²U¢¨UÈËq[±E4Vª¬î¬E÷ä1
™¿Î•nzb¨æD6šõºqÃ[+ZÈIÄãs_/¸â:´Yqð: Ø™Ó»åQ3”øØèê¾8lÞ·×(ÑÌtíÕAS%¡FÄsg‘¥œ‡ÿ	PñƒuO^EúVòâ°G)ñ„™¤×ïzTÌMcÿ.Ó½ü «}Ãð_]Ø1áLû‰—,bõ3ý'àÝPŽq+7{_Ñx¿-³wâo•Õ?ˆ³_Þ„±0ÇWáñmåòÀZ!>äzJêü7GwÜ=ªK‡È"G~c¡¦'u	›õ"2ºŠ	9?%9ŠJ?ˆ8?iy'mÿ4”<
v"-©·¨ÄãÚ¦5×g¥æQÛK¨ìšÊr
ƒ³D×n>É©ãàé€ëa²zœd{ˆûnàÄÈFøVÙÑ:°3~ØÃYÿDRY3îï@hBÛ. þgEm_ê¡Û7
GšcÓ2±›òUæÒ›H™€#’%)ÞW%ýÜëè`AÙÙ¤'¦*¸H£Lžpç=Ã£”²N®­VøÂÖ‘ñÓ@;t¢Žù”d­¨£‡NÓÓìhvþRk´~¨ß²Ô`¹uÜ£?éspˆ‚Äð¥øR—ŽÂÆÿÎTvƒî¹ž£,í¶áEx·ïSzazY’ÌÅOpU¸´ÎMdp^jÔûäqMð.€£×†:‚D†-ÃÕTAîŽÎŒ3MåöEÕ&”Ùoµ›Ye))Ó]Å`¨<¸iš,ö#(ÔˆàGfßsÈ™¤Öá7-G¾G¥}Gü-Ýçõg?ª¨Mgh:†éfA•[…„Æ«0zš
æÑ7 ¸¯ø‚—Åø\ÁÛA–~èµ¹«t¹n¬.ñÒ÷)Ÿ?˜æÕƒ˜3.Xàÿ±xnÇ¦ÐÅo¨Qp
;¬…ºKP0ŒËÑEÎQÜ2:ó)šæiBëÎBqWEnáz®
—L[–›
^Õ-±Wþ‰tÙ¡FèÈàöþšN`ó—¤;y*Îxvè´5	{ñº¾fŠfû‘«±×ÝºøFÛ¬µ#Î•&Òæ1!Þ@O­®Þæu±°`Rwõ÷)o{U?Å§@—ð3©œ¥t;Y“þ˜–êû*\ù§sUÓmRØ÷%‹ÐCò$un  ÊæY‘E—©$Z~„˜äÿÛ”ô­ÚõäæKƒ/h°®«»lÞ
{:à/
y|PŒeÌxSojà#]ëùhz¾Ã²Ïî‰ÌW&äAq 1–N¨üƒ´õðhø6£Æî!³'Þ*Þ‚Ò4¨ß*Âqî¯WvIñ®0?¦Ó½ÑMÏAÚ½TÇ3œ–›«÷KSë[g]ào~Ž…>b–ü1-ÔZ%F±aÝýQŠÚeDß#ÐÁÁ¨%úÀo³ÑG°Îw¦mM…­ªÅelîÖãÀ0ƒgt•qÇ<)g÷Äý8Œ‡ç®$ûöÁ›+‘‡‡¢{æÑ€¹±E¡ÝLàÈ£­‡>/0Ô!-¼)ÔõŽ¯ î_0)ƒoì´!rÀ6³&—¼h™An%ÿT]x t”C0ñ¨—ÑÔà™¡·´e¥½~Þ):´6["â<¦3jhÏâü¨ÒÓèzG´dÃE¨­ðˆt|j*Ý:_FK#öñ8hu÷á¢íµSfŸ±o$‚Ë¥òŒ¹pñf„•¿ºáÎžoérlŽOÚ8Ð>è@2˜	9>©„M¯ Kê©š¨™³™ß±âÉÚ§BéÖÎU¥Nw¿èaÑïˆ1n>×©ú¢A°ÕèkÂ¹ÀÇžhˆþ‰]1e¨ñ>ØŒ­³`Ú%’˜ÝÉc!Ï¡;:ÒºpùÈËA•Šœ½”¬µ2qeI#åž¯GÜ±£½5Ò£Žú%x®ÃÍ25ÂäÔÝ|ëÿÖ±G$¸/G¡Sßàk¿“ÝÒ ‡­H ZÄwn¨à4=\ìR…¹ˆ|'Æ!X¾fA”!ËÇ}ÜêI¦å2nÙdÒ7\/Ð\¢eÑ$VÃú²¸ÿ;2äã×¸½ÇÙ‡Ü“yhFKˆ4gdû²Ì’G°	\¬$Ÿ½5ýåŸ µLdØhÇ,/¯•F¦n hØÄ¢¦‚dsÓªYž‹ywhGªæKØ,{²ÛS9'à?Õ¤,S6
-Aêq×tŸwìF7ÜpÕ³Ð9Ç•.Yé>0=„°eø½Ø÷‘GW„µ¤½jÁÃxs7¾†–.ýM/´¯Ö8kõo !«ï)Â|î¯^ò¨ã«u ßœ¼6X‡WX£Øv±ÜÑòæÚÒÓ†3#Îà±Ì^¢µAÝ>O“2"iÈã	»BÓƒ¨xy3–“?ÕI•W­Ó?—\¬Ýs …vU!+%gx^FÖLO[$rRßt1©hŠ¯€¤²l|èæa™
þÄXqcK1¦éPc¹š
Ô)ÿ€oœuj$…38; –»»vŽ1‰YüÊÅ®YbÉXˆG¶¸àræ•ÜK$Ëb‹Ëò„ñÁÓWÏ®UŠ}m“«¼µÄ5gÃ1%yûN„ƒË–»ÑáX¡|Y“”#\i9P×P Ìewp¡ï72Å<æJ«™ å-å Sþ©{˜áýŠAð±3´…ÂŸÒÒÂ*öª>Égöûbö×f<Ã0mçméi½*ãvE–wßbœáÄ—LjÁ«—n³EƒâÁÐ«G\Á“Ûø©Ì‚‡úËsº™Š£÷'Üñ‘éONJ`)·šÄŸš‰µLÀ¡É»'7R²—´È³
¼×ÑÂ"ÖÙL=L\"ê(egrŠd&CîÇòKXµYHMÇÌX»R3.{öÍmu÷2ï©¯ÌÕ›–ìÏ#ßðg¼	!h€;OÑÄ á+e¡cñMjõãÞ‹)M•~²Ë’C?v¤:Ìz¾’¶Ë±ªÉ³'J¨ÄÔ¾á+6(¬l÷¶CO(­;?‹¤Ä’þn‚±6Î—¶êXßˆßFçŠov{ ¦ôË[š(.ŽÀ™fÊ[Ýã8ú¤5¾')_ã»Qï&\#¨À·ÈÈ+¢R³‹‚)ˆtAr7¢<Àïep©Iw>Õ©”^yŠuwaƒ´£ŽhÉL=“‹/[*hêæLŠ4®ˆÔ+8†C¹%#72I 9!s˜²Šà¾¶Ê_IóTæ,peÌFU*sþ€«8ˆJ¹R|hF®EÎ‚¡uÞ‡2¤Cæî‰/jo¸(<}¨3+sîÏËñæ[ì¾^ÄÎ€Èº\Kb›ðf‚En‹hÒ„Mûº—Œ˜¥o³¡¸³¨ÀÑß_B÷HN4ÆRž+/d´Ä`¸Á´•Ó6I÷'ëÔæS›(”6©B9ŸX1¯ÀÀ_ÍQŽ¢ƒ„~º¬šHé«0Kw ”úÔNš(UËÒÔí‚Óôd”÷$P˜ó^F½ðR¿u­”¢ÓšMBÜ7<¨`4þc3ÝÍè¡ÏËœoÇöšOKþÀ`ÌSÆlß¼ª	gOàSÛAª³!’%ÇÑÐzaÔ|ºäD£).î_0dg¹¹r]f‚JeQu¹~ü5Û	Ô…›êªO˜•ìïŠ¨×ltó-µv+3Jj&3©Ÿ¥ý)¡µ”{?o–cÙÝ…#{»XÃêmgÝéšgV«.6ÇFJü3{|¤„íh<œ×l>%HÚÏê™÷Øu*ÅÐNJ1wæîPþóóÀ7RàóbÓä\bu>ÒDX˜ŽB!ú‘ ©[b”m›Ã¨Ùáq]1>þ¬ù—h‚ØO¹¥ž`ºŠŒÁ™-Âï/žò&¾Gt¾¬†ôI28˜Ú*¡(sÓIÇèâš¶NÕñþž6®™ÂBà˜Cßjú%§:=DFGE¯/ÂºYš,Bûo¾K¹¶X	ôìgçƒq²	(S>ïï;‡•4âä2OÐ­6Â¸ÀG›Ù§ÙõfŒ|hGé½s>ßQà]§®`:©( :Ff’BÄ.°õ}<€75Rþ.àkSíhVµ¦ýlìÁ02O¬X½èKÊàI:ï`&bñ—ÀóË {LÉž‡OÒÚÍæü®›¦ U‡O€8…¿†ÏMŽAã¨54ÛiÁ¨!2ž¿9ìmöÀµî¯ëû¬òAõ\ûþ½&dú…"Îéˆöi‰ÎF§+Æ6ÂHÐ×™‘÷ý(¼ËóÉüÞ,­»ñ£ÐVÞ²{Ø¢ÚPI«AÕAKc£ôFÇ	%a|‚¶Ìs¾GµU—6ay]†1Æ±e—tüÔ ÚîFZEpø¥¯Éá²„sW=2»Šs€!ZX\IZ°EªÎPá}PZ±j;Þ®tN‹Ç´‰t\É_Ð A0ô¯á=|& V£Ðn2ø]E€w¸L/4_±à.’H¹Hv8˜Ø´eîÑ¡8dL’þªyaN (2NÔ mèw%¶åªQ	ÊÑÅ}¾Ìùa+hÃr÷®Ì)@†Ò'‚4Ãb˜@kc?i%L#Ç6ÖÝCµ,?|÷À@JBœñu¦õýšÂkîO·‘4ÁmþÇ›²£ #¨ÿ$×¹íT#…
:e†gâ(°gœC„¨¢»ÁÙûâsFÀ(=UM¬äÞüˆ÷».‡¦7–F'¹RÎóË$íÞÆc½1)– ŽZ•Õ‰h\/¹³f=‘DùäÖªÄ207%´FÆA)è_%Žˆ€/÷"¬¿æwPÉµ„¦ïº,4ô‘¹ŠÒ¯·g¹£Ì¿ëÈiàÖ*×ZuÒÚ8ü†¢^WÆ‹‚€Ö‰¶¬îdêèš ãY§åîw•~Ì#ÍûÌ~kÜ,ŽRø+xúLâïùaýÝIüã›IR;äI(Ô‰Ûž
ËÉDb¸¥ÀGùøFÛ®îÖÁ9!¢æ¹H§ú£á¥k}Ç+æ&„ô*þ´foæ*,'ý¸5$rè–ÌGuÉ³3»«‡@;aÌù ˜x´4ã°=$Ç˜¯ÉÇ—}ÊIÖ?îJw>ÂÁ•¾îÔ W¾µPö{	s8g‰}~VþAÉ ¨è¯Ðf8uHÀ<V-¬G1çŽhZ6[.Uw2Ë$ïÇˆR–g÷Û\gç*‘"NÞ2ío­ó8pÓ:Œ{‚!ÞÅ’CC–oŸó[¯¢ŸÕÙ?d@uÜ²öŸ@O¯ä¤qÂh˜ìÍLYÇôlº¸´9ÐagU`M—ð	©å2Âq“±B9|@*Ž  ‹—‹q[+N{.¼‘o¹Óh@ŸòPø5±bw§,ëÇu.jjÌ±r
¾pãú~óZ7]S)EŠ8Ú¶uÝ>‹#ô"lx
LŒ6bbyÊº™’¹Í®XAêÃ`Âùís™)~0ÓCG–ve"•c¾‡|TØï'”©éäYý*ÃÒDøJ	Ã	ŒÏtÔ“ñºÁQêÂõèZ?¹tpãÞÕžÄ—Ó>§:ÑÅiˆ¬%‡Úû«,ÒÖú6n÷Ë\sß?«¦WeWfÈ‚$šÆ‡Ó=ó;SJ…•,B¾<qó2òûAF¸tc5
dLF$Y‘Iž4P´ûSqáÇr§!u[B«›¿â¥¡ìŸÛ:­Ð,˜'®t‰Hæ~[–WÚCßA¶Ì×w¶jv{ãsæ .dwü¾•è½ýÐ«çSò“™%ÊËÐ	–šµðÚò­2á¶CZ]vO#|Ò@ª•UMBŸö×ADÝß‘¹i’jùÒˆÕ5vhÇ[¹ðBÿÅ*hüèÊdÀÆo™ósÊ”œE*fÇxw†s:úgXÅoLŸ%LF%!Q5r"ùE»zmÑ?•Ý	ˆÙR¨ ]fÊùYÍ&™bsŸá .Õ1GJuú†*Ñú"ÿüs3ªŠEÜ÷è4äsKùGppóbìÄ)Ð~?Ç,#@ÊNÆ&qD‘®dö¡*{×*©IƒpWtá}]&åÄØÎj²8rcQý)è"v£T¦Ÿ~Æ²»î£aÛ«l&÷,Êšä!M?¤+Å[ÓnÌ†Õ³ï|?tì]P;Úp¸šÐ¥òœMZa/Î!a•ºÖó´\
BÝSgeTZGÃÝ	’Zô`Ýó%Yo0`„Ö“d¦„ÞBpÛky=w~šðpy›‰Šv-Áã¹ò÷¢ûàÚñ»˜’ÀV†°>Ì¾ÖL’&p…ókœ«
£K §xÐŸ–ôÑ‹• òø“W¼¸¯DZâšKæ½b*XK±è²zÓ¸Ñ¦Â6³†¢&Ò½1'Íãç1!ëZC÷Y'ÇRÝ³€)tLÄ DêÓ¢eâDd‚·vdTTý4Àe«öù)ï	"íW‚ÓïÄÔ™““‚+™µÑ¹ÒûF‚sÆíHw¹Äa/öçm'™[bX‹±Ê£7™ÂâËÌ¬ö8Ö©{èà`sünl†¢IèŒ‰ØrÌN0
Ê¨†0ƒ´|Åì÷2ŒZ	dyrÞÙÇ|àY£•ûQgd‹‚±˜”¿WX¾/¸IÛÖO'i@PÆÌŠ«Nü¢5ÛŠ‚aÑB¬ïÚÖ·YÇ ’¨Ž£–GT©Ù<r sÖ35Þ¦šlÃC ij¤æÅX_¨óYÃîÀ¡ìÑÙúî³ßŒkqÄàËçc‚åÀûcÈÉ²¹SW'Zù‡0œcIlî¢­±Üù´Ù(ó¿.%´k¦h4ýï™F®l˜þÅj»à%žI²@‰„Zîäs°ñaÌ{È²`Œ•
á—ÐZuÔ®HûZOï6ªY N9½\øcy¡Y­Î2¡]›>ze5Ë”ºx–„÷]½mæ§hÉ¼„’ûú}
¾ìàp†“ž¤ù6Hf”LnpìAÒslä´UÎZKNÉ:fµ½×©,ŸMÞ[RývåPŒ•2§¢b9Â` QÐ×vzñÜœú±n\Šã;¹…“›ïŸU®'½¯ÐnŒ~iÒO;½áöÃßia§§|üº`ƒt»š¿1ÁI6­=åvã‘DÀfóÆl°4¡1­Æ$h>X” ÒÌ;f”ˆ”kG¢óÖ¯ÊÅaì7mãY±Ý|[ïÄRs²už–øàÛ@›oªgZéªnuküõe¼—®‘Æñ>h]“¹­é¹IC?ü<æmÄØa†ât[½í•©c©¬ÊU”TwÀ)JLéæ*NÉêd¦Ø¶÷£Ó]ét>Ë I°)zÞb^Ù—SåPEPØôá÷$k`˜g•*xì1ÖBÑ=2ß• ƒ.šwtélq˜ÆtÆulÉüÉ!3GxèQof2ÖÕaÎÒÇ×û"h©:]ˆ7Òªñæ+eíè^©Åi®íF¬éñÙá¿ZÓï¶->{ê'²8û»ÞúPiW ,a>uôa0Ø]ŽvÔvÿ-îÑ4€½0ÁH¾sÇ!qÛJÙ«4@«ž•hÍ;íDíIvþ@ì¯-<
léô¦ToÁ2¨‡PKÈß#kÌDUÂqE¾,Ñöw®lÀ‡$g­³ƒ¶ñÅÆŽD—ÄøZ‰å]RÖfT
RÃ¶û^E_×&	ñObWØ‚	ú7À+Ù®^¢Qóä\F ´
ØjLJx¡%·˜°Nh]ßýjH	ÆçÇ ZWïP•óÚG%Á-~âÂÐêñÞj¢ŸnðQ	Å÷am¨èøswÆÞPÞâÃ=å³ÙN¯Öû¥¤óëHûÒ;^RDáE/S‰Gºh¬†|¸1iÿå¨}Oã~o¤KRµm;â²;Ÿ‚m÷f$¯‹È”K§èb&–kjÔß’ÙÓ§™4yxÆuŸ‡Û’7…ÓAš‰"×PRãú®wòTÛŒ&|øm¢¶"!ÎëÙ¢Î“Öe÷,ÊŸÒ­rZyQóæzó=Õw|E|‘î#êimGO«O0†á’å†¸›•¼ozë·ÎùÛñÃ7©Í¾Ã!†m]8õµw¯ÕÌÙû-^ÆîNgeN”÷«$ñÒJ‰æ4
¤aNŒü$!¼H/ªyJä÷è[«·¦3Î'çrã‘äg¨;[PnvrÅÔÝª8PôArLa®Zoºè2ŽÂYD·¥í[ÿy³]£rîj Ý´ëí=n}îgÁJ¯Ü¤@cÅöÄé¥bo3òJfzäeÊ¹´ôÙNM¾b8¸$i'•	7i_9Ô¶×Ád¯Ì·7uJSp]x:¬í…zCö>Š#
‹þ¶ÒíÒüØäZØèÜË‹Ë#§lrmV ˜\wãÜöY["ïê®óÀÀž:`do†ïýA½wëªÀy÷ý“;¨²a™òmþá·ºM­‹›Í[êîGLà¿ï’ƒvõÁºÃá?¦[ÎñƒxÃa>ÃÄ¡´êNFCØîªµâ«L ÑåHƒÁv’ßODv~J	Ÿús$!û·wd—o•A*"!ÃÏó ±;d7þ³Ó?ìpÀ-ªþò5Ì^ãçrŸ« Z ls{ûºßõ§CW}õ/®¶+/õÄTè®ß
\7©Ã†Š»‚QYµ ÃDl±sO#èWX}=Éàî<±ÐS„,¼nø§HÝQ×ý,:I’m=OäþŠ+u;;'Î„HnT¹¨ÏHðSÔ#’ö„ùî¬`Mí ¬fðýSñÖòF$ÖYžÐÂ5ñ²ÏËaEÚÜ÷‹_Dàhw_b’K´ §ñœ«-¼Ì›Ž‹ZX6DÔgô]dGRêáü™í Æƒ0p¼º¶xÈ‚k}LÔá¢ºDý£8“6ÞÌ÷Pê¦c×\Tð£ÛÀ]‰¾c~}ìÐÌÑ…s*),#N³ÄfD-s®õŒU|P?Z)¢‚ÙQ3¾LÜÓº„ŒÓHe2dÂâÂJÓ…Ô»;'ounpø°æÊ}Z¡,Ê“b«°ø÷¼O©ÿÞºÿhägžZ³ÆZVðG|+Ie£×VÊ¾æ›lÅÞ˜ßA¥HÕó•SS¦¨9ãÞÈ^“*>¡íÒ¹éßQë8¸nÿY\4—B¨wØü¡ÕNè~Ü[²ÃzÄƒ1t‹¿"NWÆ•ØãøÕ¾©âg¼.±â<ªví‹;Àºï·Ó†@Ï
³Ð Ÿ¬tÍhYY0a6Ñƒ©}£G¶ª355òv¢5ÎkBÙUB™½òãèGÌ€ózCŒ¥Á›ÕB:HTá
Ôx_æ^«'q|uÁ(ëó°_µô*ãš—Ÿ½¸cq?¤8sÐM÷#w‘ñ¨(ŠÒÇ3$§»)#?.	mÊ0BJœ„—x@SR³“IŸ5’Ô¸¥Y’v²<!¯/;R0ZiÑ¦Hï
,j¨›Câ|{’ˆ}ç_ºÃÉç†ËÛbñÈ„6×S¶gôÉ#Î”,{CEÌbw<ÞÎÚv”Iø>êdÍdÀcí¼ªíA#ô¦Í[c™†¡da©îBQt¬Ð«„GããxÚâ“:ä¦ÄãjäøUË]¯Tënúi^“÷ ¡ÙÅ£#ŸŸi¹w±'²u,àÌžT£\;NÈ†>š‚œCuÃœ­[Ž$êÈ“€ØwßhKiúì„´Às |­#Ö$+ˆÉ¶È¡£y!JX‚=½Þ =¶÷Æ=ô6’Ìö´'òc9¼Š¬µ¸J²É×f¯)ì·N’×¿]ª³QX¡czGØxYÓ[i¥	Ž|à•E;ªoÊƒ€×Ã¸Ò¡S½ÅôXçµkH³–ºh—Ôªd‰IªÊ£F´-û?ù¬§o°½!‚~´'³Pkäaà\%E‚,]ÿ@0'óŠs¢V?³îì+tÑ¯Àg0µÀª3n¸Â*Â¨ïKþ“5~kUZdP¯4mûžr	™£êm6O$.Á÷rgbƒ?&yhN½£Ù!Þ¬ÍR¤O0?vK´î©¬¤ÉŠèÒ*¼ADìÄ—ÇÏÝAñ|;deI‡M¥C^ª•$ßò&›.5Ó0-øõütõ~^Ÿ{â"¹…ÐÐ5¨)ÙEÐfŽ‡#Fæ¢–{E'ƒã*ŸÐ,µê`ŸMggþp ?v4êJÈR~Å Ô ÚêÕÇÿ Sv‚°¥QÌ–gZÐ(Ò×ø>O<?#)z˜|·¼<gY¡™(É
tc’zçwý—L,Õ•d­‡@fÂgàùi(#ç¦òÒûÝMkéP@ß¢àÄÄ]ÿÇ%ýÅDä^;c˜tb,<ò‡sÜu”GÞöUÿŽ¶óŸºÙÛ ù.‡¨q˜k¼cØd&¿ðgŒ‚PNÒPlÃeì÷P&ºÃNú½
WsÿMÖÇá}i;·î³ƒ“¡ñsl´-„´òLèÇ!™Ÿ¢-I þ&/)½/.ý€i3–ßu+ vüÔ·ò¥>ãçÈád6ÎìÍm:<ƒ°æ¢¹†Ùj@Ùî.Û­-òþºÉ)’ˆd	ÊÉl xYN³é·Lt'2/ÏÉXÔ#¡‚¦´×y›•úxïýe(ŽsïÐ­98óÔÍD®
vk‘rj±ºU)[ÑÊ„‹O§Ÿ~]=—²#s¡•Á;?¦Bíìÿ Á­# ¨ÀJ¦t'$Z+èør;Œï_AxOå¹°tb_ÞIó"ÖÁk8Èä d~ûÂœë æÅÚÙ#y9é[{DÖ,~Ïeg~üŸ§¿ýt××y¹ku]´s[3¡;§Ò‚ðºÈÕv\%—$t+×hM‰"íºßyZ—m†ð›þŠ°çÛqˆÐ>l|Â›	¶ºTsùâ%^AVFæs‡Ñ7Àójvmx€ØW<eur¤˜ž*õ  çHPö0D/Š–Ü7õ;à§éçZïøKM¿ûL)Iâßy—½#¤ß·ƒ¤Ôµ³m$Ÿ»úüÀ
ÂTÛÖ—µŠéu"¼£ðŠoRc„Ô¬ŠXo+u­uý¿¥}Y Úý›Ë§¿ç~1@:˜4ð*{üÕÐ iá¼2ökÀaE¿Ã(ª­â|%€­÷mZAËñl1
™íóF~CõfÇ{I–LÇX¶èœz‚X:yÃ)6h!¿ýØÎïxéË3X¡Ôâ+.dvQ¨kë‡îì}RFô¿»]%“^‹E­9ÚìbçN°ÃE¿’fŸ¤ñw»§S²Î^“gKKmYÙÈÚõÆbç,Žñf¨ÔéŠj-)vf,A!»Þ©ì“BvÝšÅ°’h_€¥÷oæî5S {KÊÖP«ßÜ¢²FKK;ÛŠþö¶Å5_Jy$RtoÈ3ÐÍ©ÿôîYÒ]†¶`•Ï<ftµ¿¬f¸ç‰¹Úá,fî(*nx@Fäè³ ×{í|–$„°Ó¯dôÈHß¹'+fÄàŽô 9aHùiTs¡÷ì…Òh%{ÿ¯:ÞñlRœýŸz«÷ÜÝ (L=Æ„Ì÷÷`Wÿ¬Ð3 #ÁÞñ’Õ·®m<úé(RÐöyˆ1=ˆLåwÏ`îªñÙ(<»?äy‚·'v26ºÀ€'îÆÃ½¦uèüžãÆµšt;Ýõ#s^ü|_2:ðž–âtMšc‰ÂX¼a~g¤ß¸}ûw¡êí³ŠÚ4‚Ôß»W5Nà*•ÁÚÈ+¹õFW®U§ZÆ-M]êÕÄûUWH×³oÏ
ý®¨TÏ‘ß?<v=llŸ#Dšçõ§æ»¾£d§:>~HmÙJË+§œýTœ˜DÞp£‚»äÁ{3yewJdÂòRÒ
ñÜ#´Èd	³'®e¤BÙ7—ì¤KF%Äß„¸V@¦YûðÂ¬¯”¨¹ž»º½Ó«ÍÒ•×…:äŒ©Ü[\¯ñ+ù–µVÑëc&égkHÕGÐ­YÙ¾ág0laÜ©wx°T¥½xbÝ»,ŠBº[q®úÛ\ÐÚbªŽ@óû1•aLy'Ò1l[šõ5gòò µ•ž1¶#nôCÝtl?µ+!@…úçh¸þÁËƒdÁ#‡ß›8ÐÍç2 å!u‘Â(!aˆ	ï"ÎÃs¡Ûœ%ŸDGV-&¬M~évâT<[Ü.Ô*.ä–&Ì[Äb=à–Ö¡Žµ’ïoay¡ºøâÌGòìè”·’¯gN^|É*ÏÁ1úKÅIç]ý^—]ºË“·ÜÊ©U…@Ž$÷uÐ1–¤:fñ²¶êŠÝÍ×(Š^¼(ìóï
79¥2A+r¹á°–J›ÿ¸@øð§õc‘£ÿÅŠs
åFÒZ J÷ôÁŠc˜¿„F‚aŽe
F¦“ó©èÕ_á7w¢eÅ§°ÁaÐGW„·ÜÖXG|~.¡%1ŒaÚÇ(C}ù„l¡°ã jl»Ù—ç(Íkxé[QQ(J¢ô(RJ\•‹KŠ§-=l.r¾Õê½§£ªê4üòÎŸwíR¹ï)Ü—ö¬¼Ååu¾«Y(XŸàÐhZ–hÐ‰wÊïñKa³ˆ»¸)R*ºÊñ-a:ÖÖ/Hl&ê|YµTùSÀËB5¿V³Â›”u›ï^¡–ïÀºŽl';ÜŸÌÝWòê&€9¶ÃüW|¥.ãõõüÖw\¦%ñ#‚‡N¤LNv±ÿìiš²’@9*ÿ,Ô´ôT¢hŒHÓ&KÔÚ o<ð79‡f#ÂûKÊ7—Od›Î¿êì:[O0¹yýG$i;u’U5jVKEÍz™$®L%¿2è”TÒ_g2¦ ÷Å'1Þbã	£èá@Y0…à4šeÏÄ“æÌ'‹áCù`µpÊV†ƒ7N]«äX¶ˆ9öµq2QƒÙ=þ†oÆÆ”(.Ç“{*roª®×Î2Ëºª=-…,OµÂîŽcüªX"EÎÜˆ²"Ö {Jœaºmœlƒv¯¬Ê”ÿ+Bh*–mÔá¥’GCP}Ç÷°ùÀµŽûÌòÏòZk–0?S5æ–åÅÿš ù0ÿ„Á8æ£1·œÚñ¾ÎÔÜ‰X.Z&´Y¸CÄA”füðÍNpñ¾b¨æ™}MInoŠ
)†y¦³€¥ZðŒm_íœ	bß
€Œ"œò"Jxÿ˜Í¹]ƒìL§è†Ò‘J^Î"é©KºY,7)'Qò‘coZw{¬hŠMý-[,@ÅÜ´üšNŒ½º‚_?µ -íÓlJiìZaÒs°Ý.ÌgÝfC†ºâEW]<}}þŠ =Ô$y<a’9]O½Àƒ„LEXÿ½í	Â7È8ø=Þ°¯#ayÈ€týÓWÃ=?	"7ýÚÈ‰Íy Ça»˜æÙDyÕ^ý‡×óçT¨´2Û©ìôŒ‹ÊçkDãyÒÛB2ÅyÙ­ô˜ç¤à•©kãi2hŸ%¬SÇ:!"4ÜuU›$„®[;†søÐ$KðÑHOÖ^¦ßHî–iÊ×ßU¨=<Ìµ:cék»8¦Á%]Ö–U;I Ñ£Y?ý-A9ÏL%.c;WcüöÂÕ-·ëàÜðAÎ»‚Xº*füpÉßyø}».dËkd¥Rƒ¡öhãMCR.ýP¥ðÃ’Øà@Xð½·z:¿ØFËš\O£§×½ÚœÒéŒ±-SP%4ë÷ØÊAI²¬FÓÒÓEŽJÈœ¨Ôøm7q3ˆû‡9úS" û7bUJÇT|Ò(ÉÑÕ?ê–ÉqïéWcäQ÷@¦RÑòeƒ»Ó7ð²+efx‹ÈlÅæžÂÜ ø$nÓdéc»Èœöü'=uïwñx­@iß^ù?"æt ¡	“ÝÍìa}šœ{TKôÇ·Ï)Ÿ4au>¸gÃ¦Í±¶ÙkÕšÜxuÁ…Ö‚‡3NCK«ª€Ð«åV¢û˜²ÅŸÈ6ÍN–ø(A+·¢2'n[¾Ìúo,ììüÀ$6ÉþC	£ÎÈÀ`¨¾%+8›rEós]oÝbb†u¾íjx©Yð†	¸:Œ‡ö”cÒ¸Ež6‹õËj~.;iÙ–’}ê|º–"ç‰«/ÜD•qŠ,6~ÊQŒÌ=Ž\z~ø +ëþ.DN ë=²Â8oð‹$¸l{çèi [.ÿeWEÛžË^¹S Ì¢PMræi9ìÙÔ€M’sÃÓºï°ý˜¡ELOÑa`*2½d>„;ªq„¥l(ö3«Ã
ÇÅkˆ+z‹møF˜Ð7bó.Þ¬ãüAÌNE{u–¯1”ÿ:ë4HAf÷ÓÙ­ä:Ê¤›ÎêÂ´s	Ñîx¢kë ÿbÊ_R&-¦ÁCÓ½ÑOî¨çŒFúkÉ™
	ü‘×gÕ“‚¬%I¬’Aø†^©5Õ`í®¸íCs @S[±KÓ·÷©»dÇÑÄ¥?Öõqþ¸ôß¤XÊ‰@ÐD=Í•™œŽG¡†Ø|Ú¸ãó˜ß:. ×›[»ŒË«¹Äå“I¾6&* 1!(â'q»âÑ­Þ²Ð°{;Á=X³cêäæR†Ï¦“muþr`º!¸Ž'îžüyK;bE&òÓš–©³Ö´Ób»ÓÐ¿Ïr!f²´–i?û­ÞawQI˜J‚,úËRÚ\Å¼iéóËykqnÊÎbÀA2
ý # ý{’‹,©´dJÓHÆVøUU/u ¨°˜ÿ@²›LoUîÄÓ]Y¥‘Ž/B«¥¶8ÀŸúùÐÁDpÃ3g†ÕF4eëÅnÈúï*xÞ‡ÑZ W™HôÞÀUfËXªÃ8Ö"§§X¥	½ºE(ÀW4ÒŸÞ½ë]GÜ˜Å($uAFFkøû†ª"áeLûPðmÊÛl©+ã•JÝ€ÀzŽU¸F×üv›?uÅS‹ØÎh8Z4ïQ)ÖfH•Ir{ˆ×/!C™³¦4ÔïŽÇdö””–üëu àtjv€ÃzIöâ³®µG@«µ8ûš>h+s¦$_ØðÙÃ!¸k¢0×ÀˆÃbFž#•goý€ÊxoPr<É^6‘zUËæOÊ˜à)OÂ&IàúÎJ<Qi:Ô9kš’Ë±Ûöù—æZ¿gá±}l÷¯›¨ÉæiŠT67üÂåL¤dçâˆ]ûöFøžCà¢„×^½@Ñi;«ªÊpKàÈíÉÃå	þœ’fÑ¡þ¥Aûì2°÷PÃ£KÅõƒœ©«O±tY†ÕaÐ‘3<'5¶dðõòž}¡$x¸ý?b”P‡«îÕåú19Ì²÷$â>úy™íÂW;vR—‹m5M™»YÑØŒdPM»ŠyÆVá¬5I{‹?«¯R,ÍG?¹šý%´„÷+à7²\Æé–Ä…wÀK_”¨2¸Û2ÕápåƒÀã#6Ýôªžv¢2‹(Êî!’‡Lçáù…4ÊˆZCù‚2ÔŸÁÍ–T$_¡Œ…‹‘ˆ²ºò»ÊÀ‹‚SzÖHc½1+ÎÐüÇ†¨$Dô™!^\p$ÑJ]Q†áÀ4&D×‚ÓNÓ¯–ï­	ë£R”a,úÐ‘ììx(j‹1IAú_+q¥„ËrXÓ‘EÔ•(ÎU»»IÅù ê°_Ü|Ã½,”çÑ/•…±7íÐ/‘ÕtýÒjI[ig_4Œ«Í÷ão97÷C'YÍ’AìTÎŸF*G°þ#s¾œgì
ƒ#>&Å÷	àéñvþPÁ„wã$»3B®ÝûêØkäJöïeev¹ˆ“S%º#Yd'­îì+³|1iœ)É¬bý} dˆ™ÝY¯h€ñëk¸`çÏWÕ[S9)@ú8‘‘—ìBé;d–þçºor¯‘ÓzŠ²~WØ¶@	q2¦ÆŠ 5<#$.éAeÔÀélˆ}|Þ¥:6âOQâ{Yt 6W\:8Úƒ&ËWs8ˆWiÿSaøb|ÒBä–{â¦Ýd „$Cï€ºˆ·TÄ‚f>¦´ôÅë:“éhï©ÓjÕÆ¥“—»tJñ‹½ôŒÚép×2/Tr¤'œòâŸöV‰!gá~ƒ˜¡äÆ3t“aÌ'ìhl7¤´4ÌF«}0ÐÎDKL›¦ÓOÜìx±´¬Ô	kŸëùAXáT+ý*y0k5=9ÑÛÑá‰_ÏM'¦×9žÐÝt-3ë“Þxá¥1¿¼«ãJÌÙ§¿&…ÛN¡‹'=±ê»`m	ñ*¿$…÷CŸñ9O×r‹käºÜýA§!:ÍxêeÉ5ö€¬súè3x´Ä·Ö)G„Šp! !d!c$–D•i÷/Æ³=UgÊ\VðGzËDÏ9‘ˆ›&|4du’Kn¼fÖ™ä™Fö”Ä•g¤ô3&ÉôµÕyw¢}ËÐôg	ü%]®¸gk~M‹MJ„†|¦9T©g[#• ÐŽÎú	„ê_»Ÿ ¤ìXIªâ„K9¦¯¬:Áá\™!jÍsæ›¥”£"z¶ð¤äàìø_âCíNƒÒŽ/äÒ\K¹ª[Y$cÐ™Z¹{¬	§~Á±²¯Èéƒ¸y:ê,E*}¾Ëj[ü~]>•½t,Écœ/u5¿XîÄ10ù³üùð«£ha-­‘kòë¹=›U‚²pÒ$žì{$~öÙ>ƒ$ÄÂ#øø4„Ü_£¤ßÉH-JèªP¬_á)Ð¬2pO_qY·úYIÆ6UQ9ÌžŽ¥Ð³çHak”=l:âÁ—&>S:ÒÖ§²œSã€Â÷§¾U½{ðýF¬_§n6!Å`BGŸFÉþÔÛ2U]ŽyE	¸žFöÑ÷)`•h$=÷ÅdH™]
S:­¼ŠNf¹Ân]Ý”H(ÙÔe¦ã”p)ßª²SŒú,û“¢v<•ü0Pºäš±¶TÏ¸gÚMÑšwáà½Ë o_&¾ßÞ¶ÑUüþk¸x‹b# ‡9:¾åJfBÑ•¼.ùL¤~Íp¹7$ô®-Ö×QgSm{~äªC^4{ŒÅÅé¿$ÝC KÐïÚ¢åàÏ
Øo8_z4¤&?«DÏßzöb€Èw•EçÎ)G©Úãîzkô–J¾d6èÚœÀ§+êJX×8…®ŠK	HJÙôØQ9†š#¥Lµµh¾^¼±ù£Ú}ºfÊ‰+ëöÂà"Õmµ‰Ò>Jµ¹ÛüÃ8.ª½A(øþûëào÷¸gå„Ò­A”þµJo¹õE<Z„0¨¦v1£8@+™š ,¿Eº
©=«$ÌÑ:–v.¶ò3>$Ú0c£ÿº“þ×ë•Äâ—þ’ÓVMEÎwág‘ô¢v%¢OU*4‘pºNL…Ú¾ËýŸÆ„™ü#û-Î0¨¥»§S¦" 7>¥G[H&Þ<ÞÛKÝ²£NÞÃ!>NÐ yÕ’2]aÔ‰¡ÝÇiNîXyÐi‰_Tÿê`í…#ñp6*	Æ^»Poäl‡áép+ÏÎÅ5óË1^áˆŸ>Œ_,Ø”ºPRR)Éq¥FFÖ{IÙújëDúÄÕ@íz¸ê=”öó‹È½KµÉ[ðÌw1Só,Kî4„¡¤	¶”ÌÚ î‹*öïƒ 4Ì"VWcÙÝ„ë±_—Ø¬(Q0 «)xœ©/±Ìr:„ì¤õ´Wûò˜2Ø[÷#Qv¨'Bkafª3}›K4Ô½ŽJCØ+d—“g—ˆ‹0ÝT¹¸€äÅÇ³ÓÃúµ.;P¸æ‹ïksYÔdu%QJ>Š/%z­‘£ªì°dÖ=Íø±teÒÍ«ÚDÒ›çP¤ ¡·ÀÖ§º_ƒpJONÙù#ÓË}Fn¾hb Íø¥C‘:Ÿ<¤£…i/%´‚*Í¬g£*’½là•$³ù1†1'9ì;yÿw+ïPéÎ$:‘”«DÆä³I[ãÎ³”Bò(Wv†	¹7X.-©Ž'_	PbîÊ8Ôê·ÁN×	¾Ýž-|‚ó¾ž>oÎéPµ°¹zC{Ú/½$5/òC Î™›šÂœ×ùX¨–žša²Îvv¥™ ¨úØU&wål§!Ij!-›¡UÏ~î&dâ5|©}[S1áÌ¬ëÖ0©÷"ÎÜ°CpÈ)ÄÍ—,£¦Îø?õœÊÄ¹5£†	äƒ¸TÈ2£xÁÛûWŽØ1Ç}WZÏqz©uq©ïjûØ–Š!X\†P/²øfò<‹”Áù3e3³p™Þ@¶Ú6¢üv‘5_ÁnŽŸ¡‰â;vj~:nùâ†=Õ-Ùø¸r¨œZã¢ˆ/LºènDiH¢•¼Yõ,Ít ˆpœ¨Wq/I=ÝŒjÇKt  ¬èHœSf#ÒƒØTÐqù@q}Ñ¸séÍ¶–ÿp×)3Tú‘o¾~üòFÎðÐÔ‘QÊ›‘aàx†“=:ÇR±Âªu®Iø'.ïû´BQÊÁ3ƒn(§„¼D®µ‘0½+[¨@-¬Øi¯ŠÔ¬ÅS³šig_6Ät)0ˆò­Û‘iÃ6“Ù>ÍFÚÖ­ÿ³«ÏÜ+ Ÿ»íMK‘jdR^)9í‘4éÉýíwæãÚ´WÖc3Ö¬¶Î¸önÀÓvä
tT©‹mË íš`<´ÝrÁ3€——æ‹rê¡ƒÖßg=~Kƒ
¿fîÜ-P…ÕO¦}c¨e‰¼'ãÚIåœâÿ•lnw S†ƒÿ£~ Ácw”Ç¥C'«	€Äjk^ýÝéñy1¥õƒ0ÒD@µPô?å‚›¦ô0R{¼ÞŸ²"O&Ë…»V‡,ÅåÔÊ´É~-/·ó‰PG4	2N,&¶GE—-ažÑd=¿;9il{oø‰†"Ø´¤ƒ5‹¿\’ÎÛ@pîmµ_KNxh»ˆ4P½÷SèôÐ¥æ*ÎƒUÛçé•¸ÑYé®]µ7ôÞ½=jÑw
Þ[å˜®]<ˆ°“èÆ…cw[ãäÙNùö©8XŸ˜h‘»ý·IF‚eY¼B¾¨ðÐÞË}))[
WŠßŒ¶MžÉm”(^Kð’ß°¥“\´ÂIÎ¢@ÈvCm’­³œÕiŒgŽŠ™‚û¥?O§ÄÓ6©êÔ‹UHy?à/¥hÁ]Bè"eÛ±3û<²"±Ð«Í6P~*ùãE˜üàÞà£SV5ÿTíØ&Ãý|7JúàBýÍÖ]º‹êÓØ)A=q2z¬:oÈa^éo]É£*_$GXsÜð¸€)Lßðs*ÓHÈisÚ_u¸Z8K’ÛA¬ëêî^óãÒ0ù‚<'°Ö*;V£e• ß§ahHñƒžÁzß„Ý\pN¾Aš^ª‡{ÄÁ}y.©ãL¤˜š‰¡ÝOÁÕý¨;±bIý» Fy6F–Û6µ‘_]˜'Ocv.<ïíR~1\”8eoé¯MB (ÐÍ/™ö„šàÑcðäÕÏ®q˜×;úOûbé,~3V+™Í¥,»¡ïOü¤¿F|ÛåÈ–¸á~š=lyM˜¾ŒñØ±åžh?ïË×üÜ'ÓÿUBwÓ{×Ó™§Æ‚?SŠýÈ#új¿[(Fä’HFœø7eùER¼öw¹nJ«‰rWøŸ3B(ŠW)XE¼4Ê­XbŠ®ž§öH{D±ËÌ‚¿1@ÚJ¯q%c£‡@âÜ*boLòÅ\J Ç?éƒQýrÉ$Ì_Ó²Â‹8Yü±”G@{/gášÖh§*Y8…æ.M#ú	9M “GEÇñ¥ÙëÍ§½Â€“
ã3U]R¿¿Q¥/lÛ¸“ÉÄïCpÌòôE›(|Skôedw²3b"pupèlŽÈRASç2þ
TCî[ZÀŠü(1D—6^¢É¯Ø—-c¨ÉFÎ¶×ƒ2¡Š°±Y=¬§Š8ÍŸô9\äT#.@‚blëlv£ò$Á5AàN=‘ñã!©¶"ô‹vÊ”)À%)µôYÉô±–qò1J(ïßäm¬—ús£<(×–5Ø(#Â=Føz-JÀð¹Õˆ’ï}
E¿/¥O¤Î~‚Fû+e£	,kÃöõ3ñGî«œÞ‘ã\î¥§Ž¶ÍÿÕµêþu£Z2=gtÄ¯æþòiF{Z—ù Ã¡÷ØãØ¯—*—ñxßþU—&Aûñie{DAœ²
ÏÎ—çëi"ôqYÚW´ô
àŒW>ÃÌi9Öoü-é…±îGˆØË”*¥üÇÛ¼7”Ã~œ{WB¹½´áÁ·ÊAØI&‹|)š/RxzÖ`¶Þ üu©æŸÊÞÈËJÑ4X„4¸.Ä8W¬Â÷ãôÔaéz:ìÕyÛŸŽlŽÔxÌë¡¸Fïáì²o‚V£+U*€«½\>WLô¨OBš|w(HÈƒ „lÜ«(o^Çl™ÍHTr7oõÖ®,”³0È` øY+úñq)±`(}/—	X¥Øû¯<7»íAÚŒÏ.âøgÇXEí÷Õ¶Ihó‡aäw¦"n;1PÜ³Â)-/Fˆ4h£¦3u¡	Hÿþî®Ö	DvJ²v5ÎÂŽµ Â$ˆËQT…¦clÙžSþˆØSeŸ¡~¬:ÚÂa™m‚ß°ƒýºÐàÜ¼¿gg‰ÔŽøÖbbIDéë™*¬·³áC¢pqcÔ!Ò>BF¯ÝÇ+ÈæfÁgÄ¿ðš†Wµw±Nx½n-WÙªäÁ¨‚¸í›¿}ë2<¬&:Fá7äZáxgYÄs¼2Ý¾žI¤—½eå@xî^jÕ7`>˜ôüŠ*uû¦%u‡Õ^¢Þ¿ NGvMÇg5gwõøm7slQm3³KIÃºj÷¦-Cõ*ž§ÄKo+a%Ê
æ”Õ³&³fˆmk›>Ï€¨TË.¹2l„	3?´æþSá¾®	š' *"×âL­V'LNƒIË+Ê²Ë¬`éÛëZ¥}§ó¤ñ(mèB	ÝO`ˆ²…Zy¨Aûï-+ŒS¤2>±£Ëý¬rÁJ)BÀ×½-Ÿä×ñq\­lJ®è×ÑmÂŠ¦³Óà_>õ¦>*¼Šëmä¹@EGfOŸr ŸVõ4î„½ï‹1#Æá¿?ŸÎÒÉÌW[“»‰>Ï=œÜ^øz€¯"ü@^}C­x)¡‹\©î
¹ÅR
îh]ÛL¾Õ{ËÿÛ=æBæc¡û‹Äè½«1œâ×ÏõÚ*î®Ç¤ûyHÃîgE·þ³äR¬¢> |”qWqÍ…|I Õ}¡G’÷è»º‘¤×RÅk`g§Âëãô6G#o	Õx1nNÞw¤«9Ñ¾Z·š­^crIÞ©£/Ük¡h"BíÓ 2YˆÆÊÙçŠ"b×ÛË”ˆxœÕF'øþ¼@^ÆèöÏïâdã2L\ªë˜îC„ýº>£7ö³>sS¡[a9ä=Ü‹iV)ƒˆÞç¤muë®Ò9`€ô…¿Ó	—ýy±n}ÇÇ+`oh†;;Ý/äN¼¾óð¾]û_7ˆ¿8ŸØßZMô‰è<[•ÃøÛRØŸZš;'|å	"²a½•ˆ£Õ¬ZÓÖÚÑÝÙ"ÜµæApk› ò@æ»°û˜‰Å‘ÃSˆ´2d·Ô¨\F¾‹žùö_y˜]î¢pÒ«°DÃ«ªB¡­¢@–¸©÷Y¡çš`jécÍS£”ƒ3ú½Œ3[×et!J²¾¢M½Ë9)Ý] |+)Jî“—ì41ÎÉ„¨~¦+K“4ú)ò{ínéèÓƒ´êºËQ‡ñaÀý¹€Cgæš€’ÆèÛžÍ×fûÞ@£IM„¢4FÂøv=-ÿ2‚—wú ÕÞâO^Ž¸
¡¿ûK7/á¹ðŠdšF9ð»ÇÉ:ãQjD«šú›ÅÛ²ŸPó½Á‚LƒéÓ«žHT*Í`
L#;©+ÑÐtwü‹šFƒ”ÌU„ÑX(ØRûrë[M@ üîf^•“¤¥ã	êÍMù¼‹ á€éƒÁŒÂí%$úA â3Ñ@D^Ê8éôü¤„N¯àõlR©j1©/ßîùƒÕ9èróªóP³\œM	5Ûæ}ÔøÇ¼;Ÿò˜¡Í/¯êÁºÍÐJ7Â|!2ÈŒ˜ŒŽ®™žG{é‡qÉüŒ/­+¾¯¿;ÂxT0?³}Â¹Ö3hØzÿ•õûkµdÒ+æ„²w‡c˜!bŽ46oZ>&*Þ5ô\Aîi~¼”ÚeÑLäé•XÆð
ÆMüS¦Sa
}r„"T°ùSOf–©/ra<KÔÑ!ø)XÃ˜.à_tçÇì%:ˆÍéD›8ÿE“ÓwŠUwÃÖú;[iKc†e:òÇ}pi3ño½³-X>Õ&S4U†U=	|ÉQWZôÂ‚ð*õ¸¦³Þ×[z={šéõêÐ$~dÎWWBPðBTÇˆ CIÒñ7^8‹í´–Œã(œ3dfnš|_cÍFùœLMkbJ=“G«áí¯<_‚1œ‡¦	“çHR¶Åx—°„Ù><ø'œ*®Õ®L­ÏRf¿Hòè¡na1Ë/#á›Ó6†*5·mª«ù…éx}Bû†$ŠáAUÿ,€Ùªç2;;*D¿]óVbå
k˜Œ_`Û×ÇZd×…SÆ‘.T^ÍQƒ.QÕO>FçsÇ:RàÏR­é­Ø@}À»Œ6-5&ö»\Øˆólô5ÜnÎ×Á÷ø%œf¿…ç°û‚3ëzû;ÍiP@@MEZuù‰j*ÕHÙë<œÖá2O4hÝfv¾ ÿ¼^)
ÌÈåDøÓsú|T`XÍñ¦POÒ9ÛhäY·ÆƒñCWK÷Ù7<
ãÞ}„ñ
ÒBkÞ3¡¯”‘Bžaþ2žò~Fóyžú½a—ÿDÅ[d~\ËÐFÊáJzšâÏq³/¶•s•$hW'tR“÷NìJè9HŒ34ewhFd¢¾ô7m¿A«¼]<ƒ˜o#óóßÆßšÁÒPü“ìct­®8o˜=C20Avbùo*G¼mîkžä•^ Á·Ë{Ùn%‹ÉÝ3}#Š &ÖêÈ&‡O	jÆ[†ù@­³„0lD‘ÅUó? ‡ú\DŸŸ×±‹Þ‡%7‚bß‡q/,æ[¹×Ã:öJ¨ÝµÄe¤8Ý™$ß0È#íý-,¤6â€í„Jy
±¡
èöÌy¦P]0¤‡GOGR7ùq€ÒaŠÊ9Å{F«&á‚­$i¬/î ó×ö5’yÙ%äý¼°¿Þ'¡¢þÿb„¬"sb£½šÕ_iH— ¹ÇfCÑ™,Á±½åÉ8 zàRïôZÁ»þÝ¼Þ«bÏVüàC™.¸û1ä·¤¿¿	U>Dz~S'ý¨VÇÁ–öx†·‘[KØìw½¤"É—–JFË£XOº›N„üõù=$Aÿ)}Þ1úy¾|=V<Ð÷ÀöèëÖ°+N Z-"9BR™=‚ãß?UTÒ]-0€‹’ÆdÀ‘` hz"ÂjWŽ§w¢Q6
O~Úª½M[‰ê–¤æ¢¢ßÕ®3ÌÊÎí¼”†èE¹è6‹múô‚¬V
»Ä¶b(&k´Ò„)¥A¾¢>§R²Êî ¯ÚôH|ãn˜'¿ÚüÂ^Ms:†e+K3(Wõò«î£çµ:XuøfD³Ë)Ž7ùp¾Íˆ
j‹š‚;ù`×OÆ=yÐv6œ,	$ÅÜ‚·¢léénÏîlkêÁ«4ïE¶rUãîÝ*,Œ[•|_$bnÑ)évïÀ–Á«)¶Î·úÞS×‚*š°Zu¤(wáZçðº4
¯¿ülÃRñ(ëd_«á~ÀÌçxOòcµ\3E›'~‹5PžŠîºÚÝÞŸ!T£º‰Žô­™QD}GlšjÉç¼i¦[æÓ‰ü<dE«ð3 ^±¯*p0(ÿÍ&$˜YgHbÛÕ¨nÑÔèqÒŠÓ?Ç ð¯À^aÁU¦rjÁˆô«Ÿ·…}o·™fï«­aF‡Æ3àPlÙ±ˆüÅ3Åù+@³ƒªÀl†ûÑÿ&X+°þèvAcY87ÿ]3YÎ&Z|­»‹E‹ù“Šö—w‹ï‚¸¸ë0t|ØàKŒÔÄ›kÙHß°jÖŠýÄ²g²N©n'Üt?ð¯’KmVRånršuH¢gñzË	Ò”Aô¾B¢`R[¡'#(èO"ÓßrÔÊütÐËçíÌd¼ØÂßT’Ð:’f+?RùëRvÐ¤è^j˜•ÔåíÆN¤L†@8|émHØ£‘ª#G¥¦	ØNøb#Kc#azû„oå-]3€~‡wh_R4 úýyB†uÊ_¥°cßXÕ²|š°¯Œ(
ÕÝ*‡«éKôs!±ÁÈÿòGl‡N¾d±eË§š•7|¼*öp|Nø¬Æ\ñ|+^ã<v­™NÏzüCÑíÓÛÎ
7¤€þ¾ò‘®J4aà˜š}Í[V­Ï!Y6=aØÊ®ÄÙ&ìÿÂ×"@ÒÃwï—0ÀÜ‘5$°û:`RR¡·^¾Š³x®|¢•…:EÔ…þLÊ0†}•[/ÂqóüW&Éç¿ßJºáè{]_Øµá·| H‚ðêb©Ì,uE)iL Ôø1@WK'¡ë¡“ÌËhúJ[ÅaAP)åÚ/eÚ‘MoäHDæw–ßUâ;ñÎalÏ>’ÏGÿø0¯OUä­ÿÍÆÖ†“ólòƒ¥NÍÚæo+,¨GjÎ¡7ÁÇ¡Ü‹I³&­'2‰ŒB{±ïënf.l™›Fžç[Êe]EÊÉÙ˜<}÷hIP´gøßTy¯ŠŒDï´:/µ•0z>jà:(™8ô¥†ì«W±8†û¹!Ó² û‘»ÔY)ß=÷<ÞqzR·0‰b3‹µ·ß4tgHµž${OÙæ+ÔÝXÕ³§0¹pV]ù—³ @€p?¬úq"ËJÃŠ
p³N–$ö~;óÙÍ €ëŠù^æÇWË…£u ´ÂWx§(™]Ü2ïõÊ8 UÂ%á.ÅEYG§ˆ Ã`ŽÃÞ~Z˜•eÝãùNêÃS,exn¹;v_G9ÑRÆjhHÌ3Î’h/û§Ë·â¡ÂdÎ•ÄQA²øEÅÂ–™Þ¯^œ½ÒßÃþžì2Õ´s#­`Üû!`p)Z– ‹Ïˆ“t•K3ÒElaW}æ;aÚ¤¤€IšÌzPeõ_~è¾±d¿5_	j}ötEiÇ¸îÔƒ0ÈIy™u„æM÷
ÿÁ#šÿ‘v|Ë6.3ãÒðùÇ10•øUU1­êyáÜ«Nûh3¶‚L!W`õªÈ5ññ:¢¶Çø°:£WºV|:ÒXïSI¡§ýÿˆˆeËžœ]ÂÈ‹²¤$ÅmŽ:¬àçr.y*¯üÇ«9×{‡j\rºqÄ—eIŽf³8<ŸbÉó.Y¬"rW)¡èÌÂ3¶v¨–¾¦ob9;‹-z 3Q­½nF÷&Õ«ƒÈ}ãŠ+*cÑÑäÁpþ°’,ft _La@O®ª¢K-Z‹ÃÜÅ#Zï«xœ¤‚ä%±}«sèq‡ªˆÃmzgöáK`À¾pi“*“£½ƒ,#AÀ~sGÚUJÊ'´!‘nècò¢+Ö ¸ËL:¦YZ.ãÐ£ôÃØ—‚.¯¦jnÔ;*8OZ1à‹ÔÕÇ˜4iT]7fEîKòãˆÚ™Û8‹×ÝM>göÆJ®Üe–áv^ÎG7AÿÍª\'˜¥ø†bÄ!æ™Õhg×ÃM8îßYëÁ—î1Öá‡)F’î‹±ÙH!šU€:üôBc”r&ð¥ÇŒ…ÑÀ•õù1³>=Ç¨#¨›)…’†€ÙœoãJjU‘­²)šì¢rXÅê²»»¦T¬%½È€è8Š¤õ2.ªAd˜„Â²ÚÜs*|Ì3S/…bý7K¿%¨‚Šm‘L+0Ï…a=‰Žòq_bSàÝùA>ÆMðÂ†b4!ßP5xÍZ˜Lÿ~ÆÆÆ*ãR-Uã¿‘['Á	ÊWÓà”Èò"ôíú0Üÿ ürÆ°É©èFÈýV¾øpîððv­ÕGÛ ”eV›íyQ§
 	›¡FèÆ¨,¢b×<8âÑs4›åéPb»ÓÔ0b*“½ÖRÔoÏ{fËÇœky<=|j‹2‘<t[¯B,Ø}*R&S3YöèõzÔíïÍÅ$–QE[Ý¿âÊÈÉÀbuœf‚#ù§Óbu¡Sê×Â'¾¡76Få¨¶¼ÿâ«Æg%EÿÊBò¥zž+
«}«4²I!÷²eÁ®±¨ñömE|‚„Î.Æeì?i£&BìKÚ¾	,<þù®hNÍ'Ü¥ÿÃï'ß‰3aÜÿ…ã£åþšMî íH;šœOi…PêÒ+Œ;Åeƒ•ÙB£ÎŠŠ¦0p.–@cŒ+”E*Ÿaä	î|Ri{¹½9>3i"]º¤K“á\Q·[ežB-¶(9ƒ´fY"‡@ŒMqL^â¶,ðËÐx‡CöVõÈqßÇßž10ŠÂT¸ŠÎ¤U|$Õ½W?ç%úŽ •\û›i=Àl@ÈT*.§1[Ÿ`CHMÿÕjaÚì±npZ5üÜ_etBàT3Á`•
÷ bœÎw¥1–¼[ñÂÓI„¶ÈdoÂä˜T(4	¨§¿
$½¼’•ˆøé¿©y`SLú“Îs°ÐœÖÖüN—ÁÁJ¡2 Y’9.V‚¨wC?D¥õÕ˜|ëFZÞa³Gå«+ÀJuC)9&šÎåèÌ§ÜtÝ©9}0)EA‡E–^¯Aô¨Õ &!i|	g›û×~&…œßYÑã. y™÷üÉjÕà…¸DG§“4‹4Ú§Ïâ¼ÿˆ' _ca±¯ÍÊsÐDE277Á±‰¯ºÈviºñ—Tv`ÕØÏ"J/™ùø+û,m¦é°¯P³³êbyD#’Ã¤þñüLRK(`H Œôí¤yV«%\áÊ”„”áÀJÑ¸qs’¡~”Wœtâ¸îuÀ+Ûæ(þW/ccX©|Æ­ËçežÄHb°µ´˜?†y¶	’¢êo”tµÉ£½ª¶õãõpŸdÆŠC–«–Ç7ë‹ù£mÄÛ€šhv‘P1eEp5™e*‡ëQ²ˆÍCòE/±Þc~ZÓ‘áU-vÖ!nß569ã—œÁã¢KóCAcå˜føj:V(Ï´éðbˆiÍ@¬Ž´ÒSebnqáSþR-‚©¦d<cÍ`×¡ªFÕ®ÊCS¨h—^|.®ž ŠÑQŸ{‘~“äVí®%xÔQhÚãŒ5 t¼™
0ÄÕ3¡[K¨ØD9n÷iÙ•—¹Ùþ¸ P¦ÇBÙ%¿¬uü;Ï„Ý."{!,Ìÿ5ÿþK8«Ü%ÅöG†)Š‹j;%Ï!œQRÂXãkX7²Ïº‡›$´tÓfœÑÝË&”™ÊÝO_Nj žÐ®í\ë*ÞÈØ C‚¾+²ølC·»X%oƒy¿ôn
ªKë¬ïFS¿­•ù”A’1kËö%m|rnÅ3$Èð;QôB¬¥PŸ±¬YÈ`/²Œ®Do2ã,|6~øtÉg'¶Ûë	=FÕd_º‡ÚK‰"¯§tÕÂ¼ß¹)þC,¯Á¾g®wþ…3ÍºïBå•„ü•ª€Ûà®ê¡ç“¾ÕW¶1„yÿ·ù½3·q>_½1úþ¼2¹j]9“Ú‚°ÒæÒÍ±`ÇOP‹+5
tmÄSm‰…Œ·0L1019=º=Øf#á¾ítq¦³UvÕî2(„ÀzÄBjX'§
b™Ì‹l”¥åÊÅ‚Í¬û&…œãÊd›tgS>ï'Ð—ÀÁF0Ÿèç:á¸êRÓ©íSÞ€Ü¥õ‰}÷ú¿g²(t‰ªlÌ7KÓ•Ü‰5ý`cÍ´î¨pjÚ™Kg¦Ñ>ª±KK§×+o_OTÜZkRíü»'~¹ƒX\WÆî^ˆS¬SNN±3Aí0º	¸Ã™7áå›J(—”@‹*›»ˆ™*{<!‹Ý3{ÖZ.âÔ‡H40¼ ¤Ö×9ÄÀ¡ORþ$ˆ/3óÁšRÚvÞ‹äº†Ñê2ÃîpA¶vÅœ0 %.y¤è
’¾£[©þWcSCŸm§¶¹K4ßôçêõG9$ô8@Bôÿ&%.öx~Îÿa;‡‹úp´ÒÁ\³ë¦fM˜iv¦¿¯#úÙ¯Ë PÇ;½¦8¹_f£ÍZËGÔã1øBí?ÞºGÒóÏr¨:˜CÑÀö=ÖT¤¬¦‚D`£ñ2f‘ÌœOcžE‡2O@Úòx‡H¡ëÓÎ-BÅ_z¯**áGtÉ"1™1¦Ý?•]fQÌ“6#’æû¯”Åzä%ØDL®_ffÚ÷Ã\áºýÎ˜.Su½k?îœ†™æº-“ÔD!(ùË‡ý8”dnÿÖÃÔÅgï˜´b¢!
KÛpº‰	W‘fPÙSÿ<è´¥X>—÷µüàpéR¶Üp¦ZyÖ­ôhyjê–s]Û™±ÚlÕÙ‡úÊcóáæÉ)?­]kR
œe÷5q‹6p„®tXÅ†÷èVó6áú;–bW±ü¨êèÙmóJiÐðçÝo¼-SÉS†%º@o*œ“…ÄRÇ‹†0ÃÐó$ëqˆ†xžqË+ÕèÌIœâgLÏ²(„j?çzÊ§¢W ‰úÊ	éûZ/Möâ‡-3BáóîUÐ\ææ¤Úé0-±†E°0ú„µÓXTJ*4Vµ!a9ê–Œ>á*Ü B)âv C˜F%ÍþñºD©v$Ô
+8ªVK Ù§FÕ¤WÎ*jüoVB±ƒÅxø3å#ü8UöUÑ1ºU¡I¿ŠCW>‡Öu ‰ˆ¨æ³ýÞÜ…Ë}¨„†2qÜüÉx½²Öñ–+QfpŽ<‚'–Ø¹²Ö+Éò/¢bu¹4ï\:*re±žÒ!±üÁ˜ßŽÁnô4>±žž»Ý-“;‚#æš—oD“†"Ä—¥~ØJ/ZÛá<ˆfí»KÛö’à+JYt·ß“„y¾÷õøÝA=•‡T¡7*L¤3¡t,•,Ûù¦›šQ1ƒ´ÁáìhÎ§¾IN±÷ý~;_X÷8pá]Õ½ÝÔ"2ŒÆƒKÇýR»ÕUžº„oe˜GÖX/š£—<;ÖªXµŒ@écíÅ¨%‚‘å°S,*YDˆ¨j¨YÚ-9CÅ3¨Z=}8I)…;63šH [ôpãà%y÷ªùÔÿKK!ÿÔn}—èŽ")ðO’Ý©œ	c}8Ùø2x'	ª¤xÄÏ‰È*fŒÑ‰†è	Æ³Ïd¾‰ö €,š”£é÷=%Þƒhï9¤OÛhÕ³[:Æ¶.÷—ç¸Ñ²qÅøïü\i%@‰ƒIF­É¼‹|­
“œÉÇ@/´Ô›Q7mOÈŒƒßK’^øþà’fzÞ’¥Ø¿¶0’"Ë»,¦)¸	øÊõa%¥ÌŸËÆB²×â¤7¥‹wÚ¤™K€Æ–`¼'Ooì-MŒ1ü]pU“$SNº_<ÖqÍX¡¬àå­”‹[Ï;j¤e,vÅ«—ÅL6ÓR»¸ÈXÜaÏ<ãbèãgý4±"c€Î˜jSÑÓ£d["*¥µ›?¯Æy<ÊBÊÞ6Ác¥R›…lÁOäù£,±ãŽ]T»¡8Ã\¤Åb»¸}îÉ,Ž`•ÂÎœ|Õv~BG¢©õ,„‚8k>éxp0sR‘pNÅD˜%„QÀdÓàMÅÝÊÃpŒêœ‹êBD;ðbÖÏyûÇì|l&¯Â»6Æ@6=ÐÈ:%Îƒ×J*5SEŽ©áÆùÓ±J[‡4Üá²ÒÖJÂÆþÓüÒ—˜›ðŠÔMµ@ìâ'o–pÎO×ÛsFsbçJÐÔÂÎ‹Ùma?‚¤t½í']GØõ3òñß@©qþœŸÖÔc:'œH‘½&@§Õuðe××YdM;1"ÑÕõG†;æËÜü™ðx:`«¡Â~H…»ÏÎàÉ <ô…¾Ù°e«§ýèZ®èi–pJòá¥$Pò²žµ`©Â’ø…{÷]=Ioó´Pš?[¡ÑÝÏN`.P_i1îähzðÄ%_¬ÜÓ+ïà¼ìôãÙß]¦3šï üüÑlÔG]TÝm¥4N7¥Nùü0Ûcù•ÛŸÀjÓËZ0 7T)8÷Xôü†àÑb}pnÞ²Îvy,ØRüòœâ@u]	‡oƒFÅ 	ïØ.#xðDÕ¶Óú~9‰y’ËÈ‚‘UÝ5]eâ™{™Ó`$ô¹c×tø„pBßDÏî:«‚g±„,fZäX¢SØ\àsÔEÎïZTÃ´!h‰5z “9šDóz"ÝÁ˜&~¬ÕãáÎnýI fb*·ß™ÁX~r?Ú§K€¡òaºÍªFÒ¸×§åí{„•$ ¶‰üçMÁÈ’7/¾öë˜Ç~ykÛñÒ^œy¸Å¹!p…õã‰nEw2Qþ~‰Œ|lø#HE!³½™O…Ú\HV@²ò\¾,Cå*Ýœå”x‰Zç!Zf=Ï^²/œÜwÛ¸Î„^Ü¼»3XÏ×GÕZhclÛ=/æ÷ñn¿`‚s|ï…"[)S”?P-bj…ªÇ’ÿIrhµbú¬ž7ÓŸ½X	ø›kxíóª,€ŽËÏk×•²qe¬¢RS|¨+,k”ÍISy•e¹]uC€‰sØeù×CŒ‹B×KÆ¸XlyMZLÔ¤_÷c\;ø¶«¸ÕÂ¸0´MÙoÛêñ&;ŠÛë]ÈÑ½ ´<Oìä-¡ëÆ`cIåK‹¿ëM»öx‘°<Ï°ÌlËÇÝ¿Ü[S²ò³A¸AÔáºÃ­•.p
ÅÅêû^Ì4½µCG¥HT)ÑÑ º|¤H´²[¦Õ&aÝ!¤ÊêvØãðR*öÃ–Æ„À„¼Õ¾E&‡Nzý~Íj?#o«ÝˆS…ŠÒ)t4¸xdØR]šˆÍf óU†´MC“­J”l‡K<¶bS1E?êZ7ì>åÿ(éz=ºŽ(ûŽT?ÙÚ@«ª£Y«ötÓÕ ÂxcEÁãÏÝgª˜v´íW#1V¶};‚mÆåüñÍLf6¿ešã